Municipios;Distritos;Secciones;Indicadores demográficos;Periodo;Total
28079 Madrid;2807901 Madrid distrito 01;;Edad media de la población;2022;43,6
28079 Madrid;2807901 Madrid distrito 01;;Edad media de la población;2021;43,6
28079 Madrid;2807901 Madrid distrito 01;;Edad media de la población;2020;43,5
28079 Madrid;2807901 Madrid distrito 01;;Edad media de la población;2019;43,5
28079 Madrid;2807901 Madrid distrito 01;;Edad media de la población;2018;43,6
28079 Madrid;2807901 Madrid distrito 01;;Edad media de la población;2017;43,7
28079 Madrid;2807901 Madrid distrito 01;;Edad media de la población;2016;43,7
28079 Madrid;2807901 Madrid distrito 01;;Edad media de la población;2015;43,4
28079 Madrid;2807901 Madrid distrito 01;;Porcentaje de población menor de 18 años;2022;8,1
28079 Madrid;2807901 Madrid distrito 01;;Porcentaje de población menor de 18 años;2021;8,3
28079 Madrid;2807901 Madrid distrito 01;;Porcentaje de población menor de 18 años;2020;8,5
28079 Madrid;2807901 Madrid distrito 01;;Porcentaje de población menor de 18 años;2019;8,7
28079 Madrid;2807901 Madrid distrito 01;;Porcentaje de población menor de 18 años;2018;9,2
28079 Madrid;2807901 Madrid distrito 01;;Porcentaje de población menor de 18 años;2017;9,4
28079 Madrid;2807901 Madrid distrito 01;;Porcentaje de población menor de 18 años;2016;9,8
28079 Madrid;2807901 Madrid distrito 01;;Porcentaje de población menor de 18 años;2015;9,7
28079 Madrid;2807901 Madrid distrito 01;;Porcentaje de población de 65 y más años;2022;16,0
28079 Madrid;2807901 Madrid distrito 01;;Porcentaje de población de 65 y más años;2021;15,9
28079 Madrid;2807901 Madrid distrito 01;;Porcentaje de población de 65 y más años;2020;15,8
28079 Madrid;2807901 Madrid distrito 01;;Porcentaje de población de 65 y más años;2019;15,8
28079 Madrid;2807901 Madrid distrito 01;;Porcentaje de población de 65 y más años;2018;16,1
28079 Madrid;2807901 Madrid distrito 01;;Porcentaje de población de 65 y más años;2017;16,4
28079 Madrid;2807901 Madrid distrito 01;;Porcentaje de población de 65 y más años;2016;16,5
28079 Madrid;2807901 Madrid distrito 01;;Porcentaje de población de 65 y más años;2015;16,4
28079 Madrid;2807901 Madrid distrito 01;;Tamaño medio del hogar;2022;1,9
28079 Madrid;2807901 Madrid distrito 01;;Tamaño medio del hogar;2021;1,9
28079 Madrid;2807901 Madrid distrito 01;;Tamaño medio del hogar;2020;2,0
28079 Madrid;2807901 Madrid distrito 01;;Tamaño medio del hogar;2019;2,0
28079 Madrid;2807901 Madrid distrito 01;;Tamaño medio del hogar;2018;2,0
28079 Madrid;2807901 Madrid distrito 01;;Tamaño medio del hogar;2017;1,9
28079 Madrid;2807901 Madrid distrito 01;;Tamaño medio del hogar;2016;2,0
28079 Madrid;2807901 Madrid distrito 01;;Tamaño medio del hogar;2015;2,0
28079 Madrid;2807901 Madrid distrito 01;;Población;2022;135.831
28079 Madrid;2807901 Madrid distrito 01;;Población;2021;135.112
28079 Madrid;2807901 Madrid distrito 01;;Población;2020;135.719
28079 Madrid;2807901 Madrid distrito 01;;Población;2019;135.971
28079 Madrid;2807901 Madrid distrito 01;;Población;2018;131.320
28079 Madrid;2807901 Madrid distrito 01;;Población;2017;128.525
28079 Madrid;2807901 Madrid distrito 01;;Población;2016;127.543
28079 Madrid;2807901 Madrid distrito 01;;Población;2015;129.688
28079 Madrid;2807902 Madrid distrito 02;;Edad media de la población;2022;44,8
28079 Madrid;2807902 Madrid distrito 02;;Edad media de la población;2021;44,7
28079 Madrid;2807902 Madrid distrito 02;;Edad media de la población;2020;44,4
28079 Madrid;2807902 Madrid distrito 02;;Edad media de la población;2019;44,1
28079 Madrid;2807902 Madrid distrito 02;;Edad media de la población;2018;44,0
28079 Madrid;2807902 Madrid distrito 02;;Edad media de la población;2017;43,8
28079 Madrid;2807902 Madrid distrito 02;;Edad media de la población;2016;43,6
28079 Madrid;2807902 Madrid distrito 02;;Edad media de la población;2015;43,4
28079 Madrid;2807902 Madrid distrito 02;;Porcentaje de población menor de 18 años;2022;12,9
28079 Madrid;2807902 Madrid distrito 02;;Porcentaje de población menor de 18 años;2021;13,3
28079 Madrid;2807902 Madrid distrito 02;;Porcentaje de población menor de 18 años;2020;13,6
28079 Madrid;2807902 Madrid distrito 02;;Porcentaje de población menor de 18 años;2019;13,8
28079 Madrid;2807902 Madrid distrito 02;;Porcentaje de población menor de 18 años;2018;14,1
28079 Madrid;2807902 Madrid distrito 02;;Porcentaje de población menor de 18 años;2017;14,5
28079 Madrid;2807902 Madrid distrito 02;;Porcentaje de población menor de 18 años;2016;14,7
28079 Madrid;2807902 Madrid distrito 02;;Porcentaje de población menor de 18 años;2015;14,7
28079 Madrid;2807902 Madrid distrito 02;;Porcentaje de población de 65 y más años;2022;20,7
28079 Madrid;2807902 Madrid distrito 02;;Porcentaje de población de 65 y más años;2021;20,4
28079 Madrid;2807902 Madrid distrito 02;;Porcentaje de población de 65 y más años;2020;19,8
28079 Madrid;2807902 Madrid distrito 02;;Porcentaje de población de 65 y más años;2019;19,4
28079 Madrid;2807902 Madrid distrito 02;;Porcentaje de población de 65 y más años;2018;19,1
28079 Madrid;2807902 Madrid distrito 02;;Porcentaje de población de 65 y más años;2017;18,9
28079 Madrid;2807902 Madrid distrito 02;;Porcentaje de población de 65 y más años;2016;18,6
28079 Madrid;2807902 Madrid distrito 02;;Porcentaje de población de 65 y más años;2015;18,3
28079 Madrid;2807902 Madrid distrito 02;;Tamaño medio del hogar;2022;2,3
28079 Madrid;2807902 Madrid distrito 02;;Tamaño medio del hogar;2021;2,3
28079 Madrid;2807902 Madrid distrito 02;;Tamaño medio del hogar;2020;2,3
28079 Madrid;2807902 Madrid distrito 02;;Tamaño medio del hogar;2019;2,4
28079 Madrid;2807902 Madrid distrito 02;;Tamaño medio del hogar;2018;2,4
28079 Madrid;2807902 Madrid distrito 02;;Tamaño medio del hogar;2017;2,4
28079 Madrid;2807902 Madrid distrito 02;;Tamaño medio del hogar;2016;2,4
28079 Madrid;2807902 Madrid distrito 02;;Tamaño medio del hogar;2015;2,4
28079 Madrid;2807902 Madrid distrito 02;;Población;2022;152.313
28079 Madrid;2807902 Madrid distrito 02;;Población;2021;151.043
28079 Madrid;2807902 Madrid distrito 02;;Población;2020;152.140
28079 Madrid;2807902 Madrid distrito 02;;Población;2019;154.135
28079 Madrid;2807902 Madrid distrito 02;;Población;2018;152.562
28079 Madrid;2807902 Madrid distrito 02;;Población;2017;151.527
28079 Madrid;2807902 Madrid distrito 02;;Población;2016;150.474
28079 Madrid;2807902 Madrid distrito 02;;Población;2015;150.230
28079 Madrid;2807903 Madrid distrito 03;;Edad media de la población;2022;47,1
28079 Madrid;2807903 Madrid distrito 03;;Edad media de la población;2021;47,0
28079 Madrid;2807903 Madrid distrito 03;;Edad media de la población;2020;46,8
28079 Madrid;2807903 Madrid distrito 03;;Edad media de la población;2019;46,6
28079 Madrid;2807903 Madrid distrito 03;;Edad media de la población;2018;46,5
28079 Madrid;2807903 Madrid distrito 03;;Edad media de la población;2017;46,4
28079 Madrid;2807903 Madrid distrito 03;;Edad media de la población;2016;46,3
28079 Madrid;2807903 Madrid distrito 03;;Edad media de la población;2015;46,1
28079 Madrid;2807903 Madrid distrito 03;;Porcentaje de población menor de 18 años;2022;13,4
28079 Madrid;2807903 Madrid distrito 03;;Porcentaje de población menor de 18 años;2021;13,6
28079 Madrid;2807903 Madrid distrito 03;;Porcentaje de población menor de 18 años;2020;13,7
28079 Madrid;2807903 Madrid distrito 03;;Porcentaje de población menor de 18 años;2019;13,9
28079 Madrid;2807903 Madrid distrito 03;;Porcentaje de población menor de 18 años;2018;14,0
28079 Madrid;2807903 Madrid distrito 03;;Porcentaje de población menor de 18 años;2017;14,1
28079 Madrid;2807903 Madrid distrito 03;;Porcentaje de población menor de 18 años;2016;14,1
28079 Madrid;2807903 Madrid distrito 03;;Porcentaje de población menor de 18 años;2015;14,0
28079 Madrid;2807903 Madrid distrito 03;;Porcentaje de población de 65 y más años;2022;26,8
28079 Madrid;2807903 Madrid distrito 03;;Porcentaje de población de 65 y más años;2021;26,6
28079 Madrid;2807903 Madrid distrito 03;;Porcentaje de población de 65 y más años;2020;26,3
28079 Madrid;2807903 Madrid distrito 03;;Porcentaje de población de 65 y más años;2019;25,9
28079 Madrid;2807903 Madrid distrito 03;;Porcentaje de población de 65 y más años;2018;25,7
28079 Madrid;2807903 Madrid distrito 03;;Porcentaje de población de 65 y más años;2017;25,5
28079 Madrid;2807903 Madrid distrito 03;;Porcentaje de población de 65 y más años;2016;25,2
28079 Madrid;2807903 Madrid distrito 03;;Porcentaje de población de 65 y más años;2015;24,7
28079 Madrid;2807903 Madrid distrito 03;;Tamaño medio del hogar;2022;2,4
28079 Madrid;2807903 Madrid distrito 03;;Tamaño medio del hogar;2021;2,4
28079 Madrid;2807903 Madrid distrito 03;;Tamaño medio del hogar;2020;2,4
28079 Madrid;2807903 Madrid distrito 03;;Tamaño medio del hogar;2019;2,4
28079 Madrid;2807903 Madrid distrito 03;;Tamaño medio del hogar;2018;2,4
28079 Madrid;2807903 Madrid distrito 03;;Tamaño medio del hogar;2017;2,4
28079 Madrid;2807903 Madrid distrito 03;;Tamaño medio del hogar;2016;2,4
28079 Madrid;2807903 Madrid distrito 03;;Tamaño medio del hogar;2015;2,5
28079 Madrid;2807903 Madrid distrito 03;;Población;2022;117.193
28079 Madrid;2807903 Madrid distrito 03;;Población;2021;116.456
28079 Madrid;2807903 Madrid distrito 03;;Población;2020;117.141
28079 Madrid;2807903 Madrid distrito 03;;Población;2019;119.157
28079 Madrid;2807903 Madrid distrito 03;;Población;2018;118.369
28079 Madrid;2807903 Madrid distrito 03;;Población;2017;117.943
28079 Madrid;2807903 Madrid distrito 03;;Población;2016;117.424
28079 Madrid;2807903 Madrid distrito 03;;Población;2015;117.739
28079 Madrid;2807904 Madrid distrito 04;;Edad media de la población;2022;45,6
28079 Madrid;2807904 Madrid distrito 04;;Edad media de la población;2021;45,8
28079 Madrid;2807904 Madrid distrito 04;;Edad media de la población;2020;45,8
28079 Madrid;2807904 Madrid distrito 04;;Edad media de la población;2019;45,6
28079 Madrid;2807904 Madrid distrito 04;;Edad media de la población;2018;45,7
28079 Madrid;2807904 Madrid distrito 04;;Edad media de la población;2017;45,7
28079 Madrid;2807904 Madrid distrito 04;;Edad media de la población;2016;45,9
28079 Madrid;2807904 Madrid distrito 04;;Edad media de la población;2015;45,8
28079 Madrid;2807904 Madrid distrito 04;;Porcentaje de población menor de 18 años;2022;12,1
28079 Madrid;2807904 Madrid distrito 04;;Porcentaje de población menor de 18 años;2021;12,4
28079 Madrid;2807904 Madrid distrito 04;;Porcentaje de población menor de 18 años;2020;12,6
28079 Madrid;2807904 Madrid distrito 04;;Porcentaje de población menor de 18 años;2019;12,6
28079 Madrid;2807904 Madrid distrito 04;;Porcentaje de población menor de 18 años;2018;12,8
28079 Madrid;2807904 Madrid distrito 04;;Porcentaje de población menor de 18 años;2017;12,9
28079 Madrid;2807904 Madrid distrito 04;;Porcentaje de población menor de 18 años;2016;13,1
28079 Madrid;2807904 Madrid distrito 04;;Porcentaje de población menor de 18 años;2015;12,8
28079 Madrid;2807904 Madrid distrito 04;;Porcentaje de población de 65 y más años;2022;23,9
28079 Madrid;2807904 Madrid distrito 04;;Porcentaje de población de 65 y más años;2021;23,9
28079 Madrid;2807904 Madrid distrito 04;;Porcentaje de población de 65 y más años;2020;23,8
28079 Madrid;2807904 Madrid distrito 04;;Porcentaje de población de 65 y más años;2019;23,6
28079 Madrid;2807904 Madrid distrito 04;;Porcentaje de población de 65 y más años;2018;23,7
28079 Madrid;2807904 Madrid distrito 04;;Porcentaje de población de 65 y más años;2017;23,8
28079 Madrid;2807904 Madrid distrito 04;;Porcentaje de población de 65 y más años;2016;24,0
28079 Madrid;2807904 Madrid distrito 04;;Porcentaje de población de 65 y más años;2015;23,8
28079 Madrid;2807904 Madrid distrito 04;;Tamaño medio del hogar;2022;2,3
28079 Madrid;2807904 Madrid distrito 04;;Tamaño medio del hogar;2021;2,3
28079 Madrid;2807904 Madrid distrito 04;;Tamaño medio del hogar;2020;2,3
28079 Madrid;2807904 Madrid distrito 04;;Tamaño medio del hogar;2019;2,3
28079 Madrid;2807904 Madrid distrito 04;;Tamaño medio del hogar;2018;2,3
28079 Madrid;2807904 Madrid distrito 04;;Tamaño medio del hogar;2017;2,3
28079 Madrid;2807904 Madrid distrito 04;;Tamaño medio del hogar;2016;2,3
28079 Madrid;2807904 Madrid distrito 04;;Tamaño medio del hogar;2015;2,3
28079 Madrid;2807904 Madrid distrito 04;;Población;2022;143.972
28079 Madrid;2807904 Madrid distrito 04;;Población;2021;142.553
28079 Madrid;2807904 Madrid distrito 04;;Población;2020;142.362
28079 Madrid;2807904 Madrid distrito 04;;Población;2019;145.349
28079 Madrid;2807904 Madrid distrito 04;;Población;2018;143.942
28079 Madrid;2807904 Madrid distrito 04;;Población;2017;142.606
28079 Madrid;2807904 Madrid distrito 04;;Población;2016;140.271
28079 Madrid;2807904 Madrid distrito 04;;Población;2015;141.104
28079 Madrid;2807905 Madrid distrito 05;;Edad media de la población;2022;45,1
28079 Madrid;2807905 Madrid distrito 05;;Edad media de la población;2021;45,2
28079 Madrid;2807905 Madrid distrito 05;;Edad media de la población;2020;45,0
28079 Madrid;2807905 Madrid distrito 05;;Edad media de la población;2019;44,8
28079 Madrid;2807905 Madrid distrito 05;;Edad media de la población;2018;44,8
28079 Madrid;2807905 Madrid distrito 05;;Edad media de la población;2017;44,7
28079 Madrid;2807905 Madrid distrito 05;;Edad media de la población;2016;44,8
28079 Madrid;2807905 Madrid distrito 05;;Edad media de la población;2015;44,7
28079 Madrid;2807905 Madrid distrito 05;;Porcentaje de población menor de 18 años;2022;15,0
28079 Madrid;2807905 Madrid distrito 05;;Porcentaje de población menor de 18 años;2021;15,1
28079 Madrid;2807905 Madrid distrito 05;;Porcentaje de población menor de 18 años;2020;15,3
28079 Madrid;2807905 Madrid distrito 05;;Porcentaje de población menor de 18 años;2019;15,3
28079 Madrid;2807905 Madrid distrito 05;;Porcentaje de población menor de 18 años;2018;15,4
28079 Madrid;2807905 Madrid distrito 05;;Porcentaje de población menor de 18 años;2017;15,4
28079 Madrid;2807905 Madrid distrito 05;;Porcentaje de población menor de 18 años;2016;15,4
28079 Madrid;2807905 Madrid distrito 05;;Porcentaje de población menor de 18 años;2015;15,1
28079 Madrid;2807905 Madrid distrito 05;;Porcentaje de población de 65 y más años;2022;23,7
28079 Madrid;2807905 Madrid distrito 05;;Porcentaje de población de 65 y más años;2021;23,6
28079 Madrid;2807905 Madrid distrito 05;;Porcentaje de población de 65 y más años;2020;23,3
28079 Madrid;2807905 Madrid distrito 05;;Porcentaje de población de 65 y más años;2019;23,1
28079 Madrid;2807905 Madrid distrito 05;;Porcentaje de población de 65 y más años;2018;23,0
28079 Madrid;2807905 Madrid distrito 05;;Porcentaje de población de 65 y más años;2017;23,0
28079 Madrid;2807905 Madrid distrito 05;;Porcentaje de población de 65 y más años;2016;23,0
28079 Madrid;2807905 Madrid distrito 05;;Porcentaje de población de 65 y más años;2015;22,9
28079 Madrid;2807905 Madrid distrito 05;;Tamaño medio del hogar;2022;2,4
28079 Madrid;2807905 Madrid distrito 05;;Tamaño medio del hogar;2021;2,4
28079 Madrid;2807905 Madrid distrito 05;;Tamaño medio del hogar;2020;2,5
28079 Madrid;2807905 Madrid distrito 05;;Tamaño medio del hogar;2019;2,5
28079 Madrid;2807905 Madrid distrito 05;;Tamaño medio del hogar;2018;2,5
28079 Madrid;2807905 Madrid distrito 05;;Tamaño medio del hogar;2017;2,5
28079 Madrid;2807905 Madrid distrito 05;;Tamaño medio del hogar;2016;2,5
28079 Madrid;2807905 Madrid distrito 05;;Tamaño medio del hogar;2015;2,5
28079 Madrid;2807905 Madrid distrito 05;;Población;2022;142.849
28079 Madrid;2807905 Madrid distrito 05;;Población;2021;142.015
28079 Madrid;2807905 Madrid distrito 05;;Población;2020;143.112
28079 Madrid;2807905 Madrid distrito 05;;Población;2019;145.401
28079 Madrid;2807905 Madrid distrito 05;;Población;2018;143.849
28079 Madrid;2807905 Madrid distrito 05;;Población;2017;142.470
28079 Madrid;2807905 Madrid distrito 05;;Población;2016;140.529
28079 Madrid;2807905 Madrid distrito 05;;Población;2015;140.224
28079 Madrid;2807906 Madrid distrito 06;;Edad media de la población;2022;43,7
28079 Madrid;2807906 Madrid distrito 06;;Edad media de la población;2021;43,9
28079 Madrid;2807906 Madrid distrito 06;;Edad media de la población;2020;43,7
28079 Madrid;2807906 Madrid distrito 06;;Edad media de la población;2019;43,6
28079 Madrid;2807906 Madrid distrito 06;;Edad media de la población;2018;43,7
28079 Madrid;2807906 Madrid distrito 06;;Edad media de la población;2017;43,8
28079 Madrid;2807906 Madrid distrito 06;;Edad media de la población;2016;43,9
28079 Madrid;2807906 Madrid distrito 06;;Edad media de la población;2015;44,0
28079 Madrid;2807906 Madrid distrito 06;;Porcentaje de población menor de 18 años;2022;12,4
28079 Madrid;2807906 Madrid distrito 06;;Porcentaje de población menor de 18 años;2021;12,7
28079 Madrid;2807906 Madrid distrito 06;;Porcentaje de población menor de 18 años;2020;12,8
28079 Madrid;2807906 Madrid distrito 06;;Porcentaje de población menor de 18 años;2019;12,9
28079 Madrid;2807906 Madrid distrito 06;;Porcentaje de población menor de 18 años;2018;13,1
28079 Madrid;2807906 Madrid distrito 06;;Porcentaje de población menor de 18 años;2017;13,4
28079 Madrid;2807906 Madrid distrito 06;;Porcentaje de población menor de 18 años;2016;13,5
28079 Madrid;2807906 Madrid distrito 06;;Porcentaje de población menor de 18 años;2015;13,3
28079 Madrid;2807906 Madrid distrito 06;;Porcentaje de población de 65 y más años;2022;19,2
28079 Madrid;2807906 Madrid distrito 06;;Porcentaje de población de 65 y más años;2021;19,4
28079 Madrid;2807906 Madrid distrito 06;;Porcentaje de población de 65 y más años;2020;19,2
28079 Madrid;2807906 Madrid distrito 06;;Porcentaje de población de 65 y más años;2019;19,2
28079 Madrid;2807906 Madrid distrito 06;;Porcentaje de población de 65 y más años;2018;19,4
28079 Madrid;2807906 Madrid distrito 06;;Porcentaje de población de 65 y más años;2017;19,7
28079 Madrid;2807906 Madrid distrito 06;;Porcentaje de población de 65 y más años;2016;19,9
28079 Madrid;2807906 Madrid distrito 06;;Porcentaje de población de 65 y más años;2015;20,1
28079 Madrid;2807906 Madrid distrito 06;;Tamaño medio del hogar;2022;2,3
28079 Madrid;2807906 Madrid distrito 06;;Tamaño medio del hogar;2021;2,3
28079 Madrid;2807906 Madrid distrito 06;;Tamaño medio del hogar;2020;2,3
28079 Madrid;2807906 Madrid distrito 06;;Tamaño medio del hogar;2019;2,4
28079 Madrid;2807906 Madrid distrito 06;;Tamaño medio del hogar;2018;2,4
28079 Madrid;2807906 Madrid distrito 06;;Tamaño medio del hogar;2017;2,3
28079 Madrid;2807906 Madrid distrito 06;;Tamaño medio del hogar;2016;2,3
28079 Madrid;2807906 Madrid distrito 06;;Tamaño medio del hogar;2015;2,3
28079 Madrid;2807906 Madrid distrito 06;;Población;2022;157.811
28079 Madrid;2807906 Madrid distrito 06;;Población;2021;154.775
28079 Madrid;2807906 Madrid distrito 06;;Población;2020;155.720
28079 Madrid;2807906 Madrid distrito 06;;Población;2019;158.233
28079 Madrid;2807906 Madrid distrito 06;;Población;2018;155.392
28079 Madrid;2807906 Madrid distrito 06;;Población;2017;153.420
28079 Madrid;2807906 Madrid distrito 06;;Población;2016;151.300
28079 Madrid;2807906 Madrid distrito 06;;Población;2015;150.220
28079 Madrid;2807907 Madrid distrito 07;;Edad media de la población;2022;45,6
28079 Madrid;2807907 Madrid distrito 07;;Edad media de la población;2021;45,9
28079 Madrid;2807907 Madrid distrito 07;;Edad media de la población;2020;45,8
28079 Madrid;2807907 Madrid distrito 07;;Edad media de la población;2019;45,6
28079 Madrid;2807907 Madrid distrito 07;;Edad media de la población;2018;45,7
28079 Madrid;2807907 Madrid distrito 07;;Edad media de la población;2017;45,8
28079 Madrid;2807907 Madrid distrito 07;;Edad media de la población;2016;45,9
28079 Madrid;2807907 Madrid distrito 07;;Edad media de la población;2015;45,9
28079 Madrid;2807907 Madrid distrito 07;;Porcentaje de población menor de 18 años;2022;11,7
28079 Madrid;2807907 Madrid distrito 07;;Porcentaje de población menor de 18 años;2021;11,9
28079 Madrid;2807907 Madrid distrito 07;;Porcentaje de población menor de 18 años;2020;12,0
28079 Madrid;2807907 Madrid distrito 07;;Porcentaje de población menor de 18 años;2019;12,1
28079 Madrid;2807907 Madrid distrito 07;;Porcentaje de población menor de 18 años;2018;12,3
28079 Madrid;2807907 Madrid distrito 07;;Porcentaje de población menor de 18 años;2017;12,4
28079 Madrid;2807907 Madrid distrito 07;;Porcentaje de población menor de 18 años;2016;12,5
28079 Madrid;2807907 Madrid distrito 07;;Porcentaje de población menor de 18 años;2015;12,3
28079 Madrid;2807907 Madrid distrito 07;;Porcentaje de población de 65 y más años;2022;24,0
28079 Madrid;2807907 Madrid distrito 07;;Porcentaje de población de 65 y más años;2021;24,2
28079 Madrid;2807907 Madrid distrito 07;;Porcentaje de población de 65 y más años;2020;24,1
28079 Madrid;2807907 Madrid distrito 07;;Porcentaje de población de 65 y más años;2019;23,7
28079 Madrid;2807907 Madrid distrito 07;;Porcentaje de población de 65 y más años;2018;23,8
28079 Madrid;2807907 Madrid distrito 07;;Porcentaje de población de 65 y más años;2017;23,9
28079 Madrid;2807907 Madrid distrito 07;;Porcentaje de población de 65 y más años;2016;23,9
28079 Madrid;2807907 Madrid distrito 07;;Porcentaje de población de 65 y más años;2015;23,8
28079 Madrid;2807907 Madrid distrito 07;;Tamaño medio del hogar;2022;2,2
28079 Madrid;2807907 Madrid distrito 07;;Tamaño medio del hogar;2021;2,2
28079 Madrid;2807907 Madrid distrito 07;;Tamaño medio del hogar;2020;2,2
28079 Madrid;2807907 Madrid distrito 07;;Tamaño medio del hogar;2019;2,2
28079 Madrid;2807907 Madrid distrito 07;;Tamaño medio del hogar;2018;2,2
28079 Madrid;2807907 Madrid distrito 07;;Tamaño medio del hogar;2017;2,2
28079 Madrid;2807907 Madrid distrito 07;;Tamaño medio del hogar;2016;2,2
28079 Madrid;2807907 Madrid distrito 07;;Tamaño medio del hogar;2015;2,2
28079 Madrid;2807907 Madrid distrito 07;;Población;2022;136.369
28079 Madrid;2807907 Madrid distrito 07;;Población;2021;134.518
28079 Madrid;2807907 Madrid distrito 07;;Población;2020;135.437
28079 Madrid;2807907 Madrid distrito 07;;Población;2019;138.230
28079 Madrid;2807907 Madrid distrito 07;;Población;2018;136.855
28079 Madrid;2807907 Madrid distrito 07;;Población;2017;135.571
28079 Madrid;2807907 Madrid distrito 07;;Población;2016;134.308
28079 Madrid;2807907 Madrid distrito 07;;Población;2015;134.942
28079 Madrid;2807908 Madrid distrito 08;;Edad media de la población;2022;43,2
28079 Madrid;2807908 Madrid distrito 08;;Edad media de la población;2021;43,0
28079 Madrid;2807908 Madrid distrito 08;;Edad media de la población;2020;42,7
28079 Madrid;2807908 Madrid distrito 08;;Edad media de la población;2019;42,4
28079 Madrid;2807908 Madrid distrito 08;;Edad media de la población;2018;42,3
28079 Madrid;2807908 Madrid distrito 08;;Edad media de la población;2017;42,2
28079 Madrid;2807908 Madrid distrito 08;;Edad media de la población;2016;42,1
28079 Madrid;2807908 Madrid distrito 08;;Edad media de la población;2015;42,0
28079 Madrid;2807908 Madrid distrito 08;;Porcentaje de población menor de 18 años;2022;19,2
28079 Madrid;2807908 Madrid distrito 08;;Porcentaje de población menor de 18 años;2021;19,5
28079 Madrid;2807908 Madrid distrito 08;;Porcentaje de población menor de 18 años;2020;19,7
28079 Madrid;2807908 Madrid distrito 08;;Porcentaje de población menor de 18 años;2019;19,7
28079 Madrid;2807908 Madrid distrito 08;;Porcentaje de población menor de 18 años;2018;19,8
28079 Madrid;2807908 Madrid distrito 08;;Porcentaje de población menor de 18 años;2017;19,7
28079 Madrid;2807908 Madrid distrito 08;;Porcentaje de población menor de 18 años;2016;19,5
28079 Madrid;2807908 Madrid distrito 08;;Porcentaje de población menor de 18 años;2015;19,1
28079 Madrid;2807908 Madrid distrito 08;;Porcentaje de población de 65 y más años;2022;21,5
28079 Madrid;2807908 Madrid distrito 08;;Porcentaje de población de 65 y más años;2021;21,4
28079 Madrid;2807908 Madrid distrito 08;;Porcentaje de población de 65 y más años;2020;21,1
28079 Madrid;2807908 Madrid distrito 08;;Porcentaje de población de 65 y más años;2019;20,8
28079 Madrid;2807908 Madrid distrito 08;;Porcentaje de población de 65 y más años;2018;20,6
28079 Madrid;2807908 Madrid distrito 08;;Porcentaje de población de 65 y más años;2017;20,5
28079 Madrid;2807908 Madrid distrito 08;;Porcentaje de población de 65 y más años;2016;20,5
28079 Madrid;2807908 Madrid distrito 08;;Porcentaje de población de 65 y más años;2015;20,3
28079 Madrid;2807908 Madrid distrito 08;;Tamaño medio del hogar;2022;2,6
28079 Madrid;2807908 Madrid distrito 08;;Tamaño medio del hogar;2021;2,6
28079 Madrid;2807908 Madrid distrito 08;;Tamaño medio del hogar;2020;2,7
28079 Madrid;2807908 Madrid distrito 08;;Tamaño medio del hogar;2019;2,7
28079 Madrid;2807908 Madrid distrito 08;;Tamaño medio del hogar;2018;2,7
28079 Madrid;2807908 Madrid distrito 08;;Tamaño medio del hogar;2017;2,7
28079 Madrid;2807908 Madrid distrito 08;;Tamaño medio del hogar;2016;2,7
28079 Madrid;2807908 Madrid distrito 08;;Tamaño medio del hogar;2015;2,7
28079 Madrid;2807908 Madrid distrito 08;;Población;2022;245.177
28079 Madrid;2807908 Madrid distrito 08;;Población;2021;242.239
28079 Madrid;2807908 Madrid distrito 08;;Población;2020;243.027
28079 Madrid;2807908 Madrid distrito 08;;Población;2019;245.758
28079 Madrid;2807908 Madrid distrito 08;;Población;2018;242.278
28079 Madrid;2807908 Madrid distrito 08;;Población;2017;239.009
28079 Madrid;2807908 Madrid distrito 08;;Población;2016;234.623
28079 Madrid;2807908 Madrid distrito 08;;Población;2015;231.771
28079 Madrid;2807909 Madrid distrito 09;;Edad media de la población;2022;44,2
28079 Madrid;2807909 Madrid distrito 09;;Edad media de la población;2021;44,3
28079 Madrid;2807909 Madrid distrito 09;;Edad media de la población;2020;44,1
28079 Madrid;2807909 Madrid distrito 09;;Edad media de la población;2019;43,9
28079 Madrid;2807909 Madrid distrito 09;;Edad media de la población;2018;43,9
28079 Madrid;2807909 Madrid distrito 09;;Edad media de la población;2017;43,9
28079 Madrid;2807909 Madrid distrito 09;;Edad media de la población;2016;43,8
28079 Madrid;2807909 Madrid distrito 09;;Edad media de la población;2015;43,6
28079 Madrid;2807909 Madrid distrito 09;;Porcentaje de población menor de 18 años;2022;16,0
28079 Madrid;2807909 Madrid distrito 09;;Porcentaje de población menor de 18 años;2021;16,2
28079 Madrid;2807909 Madrid distrito 09;;Porcentaje de población menor de 18 años;2020;16,4
28079 Madrid;2807909 Madrid distrito 09;;Porcentaje de población menor de 18 años;2019;16,5
28079 Madrid;2807909 Madrid distrito 09;;Porcentaje de población menor de 18 años;2018;16,8
28079 Madrid;2807909 Madrid distrito 09;;Porcentaje de población menor de 18 años;2017;16,9
28079 Madrid;2807909 Madrid distrito 09;;Porcentaje de población menor de 18 años;2016;17,0
28079 Madrid;2807909 Madrid distrito 09;;Porcentaje de población menor de 18 años;2015;16,9
28079 Madrid;2807909 Madrid distrito 09;;Porcentaje de población de 65 y más años;2022;22,1
28079 Madrid;2807909 Madrid distrito 09;;Porcentaje de población de 65 y más años;2021;22,0
28079 Madrid;2807909 Madrid distrito 09;;Porcentaje de población de 65 y más años;2020;21,8
28079 Madrid;2807909 Madrid distrito 09;;Porcentaje de población de 65 y más años;2019;21,5
28079 Madrid;2807909 Madrid distrito 09;;Porcentaje de población de 65 y más años;2018;21,6
28079 Madrid;2807909 Madrid distrito 09;;Porcentaje de población de 65 y más años;2017;21,6
28079 Madrid;2807909 Madrid distrito 09;;Porcentaje de población de 65 y más años;2016;21,5
28079 Madrid;2807909 Madrid distrito 09;;Porcentaje de población de 65 y más años;2015;21,2
28079 Madrid;2807909 Madrid distrito 09;;Tamaño medio del hogar;2022;2,5
28079 Madrid;2807909 Madrid distrito 09;;Tamaño medio del hogar;2021;2,5
28079 Madrid;2807909 Madrid distrito 09;;Tamaño medio del hogar;2020;2,5
28079 Madrid;2807909 Madrid distrito 09;;Tamaño medio del hogar;2019;2,6
28079 Madrid;2807909 Madrid distrito 09;;Tamaño medio del hogar;2018;2,6
28079 Madrid;2807909 Madrid distrito 09;;Tamaño medio del hogar;2017;2,5
28079 Madrid;2807909 Madrid distrito 09;;Tamaño medio del hogar;2016;2,5
28079 Madrid;2807909 Madrid distrito 09;;Tamaño medio del hogar;2015;2,6
28079 Madrid;2807909 Madrid distrito 09;;Población;2022;119.061
28079 Madrid;2807909 Madrid distrito 09;;Población;2021;117.188
28079 Madrid;2807909 Madrid distrito 09;;Población;2020;117.074
28079 Madrid;2807909 Madrid distrito 09;;Población;2019;118.317
28079 Madrid;2807909 Madrid distrito 09;;Población;2018;116.367
28079 Madrid;2807909 Madrid distrito 09;;Población;2017;114.755
28079 Madrid;2807909 Madrid distrito 09;;Población;2016;113.340
28079 Madrid;2807909 Madrid distrito 09;;Población;2015;113.608
28079 Madrid;2807910 Madrid distrito 10;;Edad media de la población;2022;46,2
28079 Madrid;2807910 Madrid distrito 10;;Edad media de la población;2021;46,4
28079 Madrid;2807910 Madrid distrito 10;;Edad media de la población;2020;46,2
28079 Madrid;2807910 Madrid distrito 10;;Edad media de la población;2019;46,1
28079 Madrid;2807910 Madrid distrito 10;;Edad media de la población;2018;46,1
28079 Madrid;2807910 Madrid distrito 10;;Edad media de la población;2017;46,1
28079 Madrid;2807910 Madrid distrito 10;;Edad media de la población;2016;46,1
28079 Madrid;2807910 Madrid distrito 10;;Edad media de la población;2015;45,9
28079 Madrid;2807910 Madrid distrito 10;;Porcentaje de población menor de 18 años;2022;13,3
28079 Madrid;2807910 Madrid distrito 10;;Porcentaje de población menor de 18 años;2021;13,5
28079 Madrid;2807910 Madrid distrito 10;;Porcentaje de población menor de 18 años;2020;13,7
28079 Madrid;2807910 Madrid distrito 10;;Porcentaje de población menor de 18 años;2019;13,8
28079 Madrid;2807910 Madrid distrito 10;;Porcentaje de población menor de 18 años;2018;14,0
28079 Madrid;2807910 Madrid distrito 10;;Porcentaje de población menor de 18 años;2017;14,1
28079 Madrid;2807910 Madrid distrito 10;;Porcentaje de población menor de 18 años;2016;14,2
28079 Madrid;2807910 Madrid distrito 10;;Porcentaje de población menor de 18 años;2015;14,1
28079 Madrid;2807910 Madrid distrito 10;;Porcentaje de población de 65 y más años;2022;24,0
28079 Madrid;2807910 Madrid distrito 10;;Porcentaje de población de 65 y más años;2021;24,5
28079 Madrid;2807910 Madrid distrito 10;;Porcentaje de población de 65 y más años;2020;24,5
28079 Madrid;2807910 Madrid distrito 10;;Porcentaje de población de 65 y más años;2019;24,6
28079 Madrid;2807910 Madrid distrito 10;;Porcentaje de población de 65 y más años;2018;25,0
28079 Madrid;2807910 Madrid distrito 10;;Porcentaje de población de 65 y más años;2017;25,2
28079 Madrid;2807910 Madrid distrito 10;;Porcentaje de población de 65 y más años;2016;25,4
28079 Madrid;2807910 Madrid distrito 10;;Porcentaje de población de 65 y más años;2015;25,5
28079 Madrid;2807910 Madrid distrito 10;;Tamaño medio del hogar;2022;2,5
28079 Madrid;2807910 Madrid distrito 10;;Tamaño medio del hogar;2021;2,4
28079 Madrid;2807910 Madrid distrito 10;;Tamaño medio del hogar;2020;2,5
28079 Madrid;2807910 Madrid distrito 10;;Tamaño medio del hogar;2019;2,5
28079 Madrid;2807910 Madrid distrito 10;;Tamaño medio del hogar;2018;2,5
28079 Madrid;2807910 Madrid distrito 10;;Tamaño medio del hogar;2017;2,5
28079 Madrid;2807910 Madrid distrito 10;;Tamaño medio del hogar;2016;2,5
28079 Madrid;2807910 Madrid distrito 10;;Tamaño medio del hogar;2015;2,5
28079 Madrid;2807910 Madrid distrito 10;;Población;2022;238.756
28079 Madrid;2807910 Madrid distrito 10;;Población;2021;233.659
28079 Madrid;2807910 Madrid distrito 10;;Población;2020;235.347
28079 Madrid;2807910 Madrid distrito 10;;Población;2019;238.408
28079 Madrid;2807910 Madrid distrito 10;;Población;2018;235.357
28079 Madrid;2807910 Madrid distrito 10;;Población;2017;232.815
28079 Madrid;2807910 Madrid distrito 10;;Población;2016;230.933
28079 Madrid;2807910 Madrid distrito 10;;Población;2015;231.557
28079 Madrid;2807911 Madrid distrito 11;;Edad media de la población;2022;43,1
28079 Madrid;2807911 Madrid distrito 11;;Edad media de la población;2021;43,3
28079 Madrid;2807911 Madrid distrito 11;;Edad media de la población;2020;43,1
28079 Madrid;2807911 Madrid distrito 11;;Edad media de la población;2019;42,9
28079 Madrid;2807911 Madrid distrito 11;;Edad media de la población;2018;42,9
28079 Madrid;2807911 Madrid distrito 11;;Edad media de la población;2017;42,9
28079 Madrid;2807911 Madrid distrito 11;;Edad media de la población;2016;43,0
28079 Madrid;2807911 Madrid distrito 11;;Edad media de la población;2015;42,9
28079 Madrid;2807911 Madrid distrito 11;;Porcentaje de población menor de 18 años;2022;15,6
28079 Madrid;2807911 Madrid distrito 11;;Porcentaje de población menor de 18 años;2021;15,8
28079 Madrid;2807911 Madrid distrito 11;;Porcentaje de población menor de 18 años;2020;16,0
28079 Madrid;2807911 Madrid distrito 11;;Porcentaje de población menor de 18 años;2019;16,3
28079 Madrid;2807911 Madrid distrito 11;;Porcentaje de población menor de 18 años;2018;16,5
28079 Madrid;2807911 Madrid distrito 11;;Porcentaje de población menor de 18 años;2017;16,7
28079 Madrid;2807911 Madrid distrito 11;;Porcentaje de población menor de 18 años;2016;16,9
28079 Madrid;2807911 Madrid distrito 11;;Porcentaje de población menor de 18 años;2015;16,7
28079 Madrid;2807911 Madrid distrito 11;;Porcentaje de población de 65 y más años;2022;18,4
28079 Madrid;2807911 Madrid distrito 11;;Porcentaje de población de 65 y más años;2021;18,8
28079 Madrid;2807911 Madrid distrito 11;;Porcentaje de población de 65 y más años;2020;18,7
28079 Madrid;2807911 Madrid distrito 11;;Porcentaje de población de 65 y más años;2019;18,8
28079 Madrid;2807911 Madrid distrito 11;;Porcentaje de población de 65 y más años;2018;19,2
28079 Madrid;2807911 Madrid distrito 11;;Porcentaje de población de 65 y más años;2017;19,5
28079 Madrid;2807911 Madrid distrito 11;;Porcentaje de población de 65 y más años;2016;19,8
28079 Madrid;2807911 Madrid distrito 11;;Porcentaje de población de 65 y más años;2015;20,0
28079 Madrid;2807911 Madrid distrito 11;;Tamaño medio del hogar;2022;2,6
28079 Madrid;2807911 Madrid distrito 11;;Tamaño medio del hogar;2021;2,6
28079 Madrid;2807911 Madrid distrito 11;;Tamaño medio del hogar;2020;2,6
28079 Madrid;2807911 Madrid distrito 11;;Tamaño medio del hogar;2019;2,6
28079 Madrid;2807911 Madrid distrito 11;;Tamaño medio del hogar;2018;2,6
28079 Madrid;2807911 Madrid distrito 11;;Tamaño medio del hogar;2017;2,6
28079 Madrid;2807911 Madrid distrito 11;;Tamaño medio del hogar;2016;2,6
28079 Madrid;2807911 Madrid distrito 11;;Tamaño medio del hogar;2015;2,6
28079 Madrid;2807911 Madrid distrito 11;;Población;2022;257.304
28079 Madrid;2807911 Madrid distrito 11;;Población;2021;250.291
28079 Madrid;2807911 Madrid distrito 11;;Población;2020;251.746
28079 Madrid;2807911 Madrid distrito 11;;Población;2019;254.805
28079 Madrid;2807911 Madrid distrito 11;;Población;2018;248.602
28079 Madrid;2807911 Madrid distrito 11;;Población;2017;244.103
28079 Madrid;2807911 Madrid distrito 11;;Población;2016;239.807
28079 Madrid;2807911 Madrid distrito 11;;Población;2015;237.921
28079 Madrid;2807912 Madrid distrito 12;;Edad media de la población;2022;42,2
28079 Madrid;2807912 Madrid distrito 12;;Edad media de la población;2021;42,3
28079 Madrid;2807912 Madrid distrito 12;;Edad media de la población;2020;42,1
28079 Madrid;2807912 Madrid distrito 12;;Edad media de la población;2019;41,9
28079 Madrid;2807912 Madrid distrito 12;;Edad media de la población;2018;41,9
28079 Madrid;2807912 Madrid distrito 12;;Edad media de la población;2017;41,9
28079 Madrid;2807912 Madrid distrito 12;;Edad media de la población;2016;41,9
28079 Madrid;2807912 Madrid distrito 12;;Edad media de la población;2015;41,8
28079 Madrid;2807912 Madrid distrito 12;;Porcentaje de población menor de 18 años;2022;16,3
28079 Madrid;2807912 Madrid distrito 12;;Porcentaje de población menor de 18 años;2021;16,7
28079 Madrid;2807912 Madrid distrito 12;;Porcentaje de población menor de 18 años;2020;16,9
28079 Madrid;2807912 Madrid distrito 12;;Porcentaje de población menor de 18 años;2019;17,1
28079 Madrid;2807912 Madrid distrito 12;;Porcentaje de población menor de 18 años;2018;17,6
28079 Madrid;2807912 Madrid distrito 12;;Porcentaje de población menor de 18 años;2017;17,8
28079 Madrid;2807912 Madrid distrito 12;;Porcentaje de población menor de 18 años;2016;18,0
28079 Madrid;2807912 Madrid distrito 12;;Porcentaje de población menor de 18 años;2015;18,0
28079 Madrid;2807912 Madrid distrito 12;;Porcentaje de población de 65 y más años;2022;16,6
28079 Madrid;2807912 Madrid distrito 12;;Porcentaje de población de 65 y más años;2021;16,9
28079 Madrid;2807912 Madrid distrito 12;;Porcentaje de población de 65 y más años;2020;16,7
28079 Madrid;2807912 Madrid distrito 12;;Porcentaje de población de 65 y más años;2019;16,9
28079 Madrid;2807912 Madrid distrito 12;;Porcentaje de población de 65 y más años;2018;17,2
28079 Madrid;2807912 Madrid distrito 12;;Porcentaje de población de 65 y más años;2017;17,5
28079 Madrid;2807912 Madrid distrito 12;;Porcentaje de población de 65 y más años;2016;17,7
28079 Madrid;2807912 Madrid distrito 12;;Porcentaje de población de 65 y más años;2015;18,0
28079 Madrid;2807912 Madrid distrito 12;;Tamaño medio del hogar;2022;2,8
28079 Madrid;2807912 Madrid distrito 12;;Tamaño medio del hogar;2021;2,7
28079 Madrid;2807912 Madrid distrito 12;;Tamaño medio del hogar;2020;2,8
28079 Madrid;2807912 Madrid distrito 12;;Tamaño medio del hogar;2019;2,8
28079 Madrid;2807912 Madrid distrito 12;;Tamaño medio del hogar;2018;2,8
28079 Madrid;2807912 Madrid distrito 12;;Tamaño medio del hogar;2017;2,7
28079 Madrid;2807912 Madrid distrito 12;;Tamaño medio del hogar;2016;2,7
28079 Madrid;2807912 Madrid distrito 12;;Tamaño medio del hogar;2015;2,7
28079 Madrid;2807912 Madrid distrito 12;;Población;2022;140.184
28079 Madrid;2807912 Madrid distrito 12;;Población;2021;137.816
28079 Madrid;2807912 Madrid distrito 12;;Población;2020;138.480
28079 Madrid;2807912 Madrid distrito 12;;Población;2019;139.535
28079 Madrid;2807912 Madrid distrito 12;;Población;2018;136.850
28079 Madrid;2807912 Madrid distrito 12;;Población;2017;134.598
28079 Madrid;2807912 Madrid distrito 12;;Población;2016;132.756
28079 Madrid;2807912 Madrid distrito 12;;Población;2015;131.928
28079 Madrid;2807913 Madrid distrito 13;;Edad media de la población;2022;42,9
28079 Madrid;2807913 Madrid distrito 13;;Edad media de la población;2021;43,2
28079 Madrid;2807913 Madrid distrito 13;;Edad media de la población;2020;43,0
28079 Madrid;2807913 Madrid distrito 13;;Edad media de la población;2019;42,8
28079 Madrid;2807913 Madrid distrito 13;;Edad media de la población;2018;42,8
28079 Madrid;2807913 Madrid distrito 13;;Edad media de la población;2017;42,9
28079 Madrid;2807913 Madrid distrito 13;;Edad media de la población;2016;42,8
28079 Madrid;2807913 Madrid distrito 13;;Edad media de la población;2015;42,8
28079 Madrid;2807913 Madrid distrito 13;;Porcentaje de población menor de 18 años;2022;15,0
28079 Madrid;2807913 Madrid distrito 13;;Porcentaje de población menor de 18 años;2021;15,2
28079 Madrid;2807913 Madrid distrito 13;;Porcentaje de población menor de 18 años;2020;15,3
28079 Madrid;2807913 Madrid distrito 13;;Porcentaje de población menor de 18 años;2019;15,5
28079 Madrid;2807913 Madrid distrito 13;;Porcentaje de población menor de 18 años;2018;15,7
28079 Madrid;2807913 Madrid distrito 13;;Porcentaje de población menor de 18 años;2017;15,9
28079 Madrid;2807913 Madrid distrito 13;;Porcentaje de población menor de 18 años;2016;16,2
28079 Madrid;2807913 Madrid distrito 13;;Porcentaje de población menor de 18 años;2015;16,2
28079 Madrid;2807913 Madrid distrito 13;;Porcentaje de población de 65 y más años;2022;17,7
28079 Madrid;2807913 Madrid distrito 13;;Porcentaje de población de 65 y más años;2021;17,9
28079 Madrid;2807913 Madrid distrito 13;;Porcentaje de población de 65 y más años;2020;17,7
28079 Madrid;2807913 Madrid distrito 13;;Porcentaje de población de 65 y más años;2019;17,7
28079 Madrid;2807913 Madrid distrito 13;;Porcentaje de población de 65 y más años;2018;18,0
28079 Madrid;2807913 Madrid distrito 13;;Porcentaje de población de 65 y más años;2017;18,3
28079 Madrid;2807913 Madrid distrito 13;;Porcentaje de población de 65 y más años;2016;18,5
28079 Madrid;2807913 Madrid distrito 13;;Porcentaje de población de 65 y más años;2015;18,7
28079 Madrid;2807913 Madrid distrito 13;;Tamaño medio del hogar;2022;2,6
28079 Madrid;2807913 Madrid distrito 13;;Tamaño medio del hogar;2021;2,6
28079 Madrid;2807913 Madrid distrito 13;;Tamaño medio del hogar;2020;2,6
28079 Madrid;2807913 Madrid distrito 13;;Tamaño medio del hogar;2019;2,6
28079 Madrid;2807913 Madrid distrito 13;;Tamaño medio del hogar;2018;2,6
28079 Madrid;2807913 Madrid distrito 13;;Tamaño medio del hogar;2017;2,6
28079 Madrid;2807913 Madrid distrito 13;;Tamaño medio del hogar;2016;2,6
28079 Madrid;2807913 Madrid distrito 13;;Tamaño medio del hogar;2015;2,6
28079 Madrid;2807913 Madrid distrito 13;;Población;2022;237.285
28079 Madrid;2807913 Madrid distrito 13;;Población;2021;231.333
28079 Madrid;2807913 Madrid distrito 13;;Población;2020;233.113
28079 Madrid;2807913 Madrid distrito 13;;Población;2019;236.007
28079 Madrid;2807913 Madrid distrito 13;;Población;2018;231.181
28079 Madrid;2807913 Madrid distrito 13;;Población;2017;227.318
28079 Madrid;2807913 Madrid distrito 13;;Población;2016;224.737
28079 Madrid;2807913 Madrid distrito 13;;Población;2015;223.885
28079 Madrid;2807914 Madrid distrito 14;;Edad media de la población;2022;47,7
28079 Madrid;2807914 Madrid distrito 14;;Edad media de la población;2021;47,8
28079 Madrid;2807914 Madrid distrito 14;;Edad media de la población;2020;47,5
28079 Madrid;2807914 Madrid distrito 14;;Edad media de la población;2019;47,2
28079 Madrid;2807914 Madrid distrito 14;;Edad media de la población;2018;47,1
28079 Madrid;2807914 Madrid distrito 14;;Edad media de la población;2017;46,9
28079 Madrid;2807914 Madrid distrito 14;;Edad media de la población;2016;46,7
28079 Madrid;2807914 Madrid distrito 14;;Edad media de la población;2015;46,4
28079 Madrid;2807914 Madrid distrito 14;;Porcentaje de población menor de 18 años;2022;12,7
28079 Madrid;2807914 Madrid distrito 14;;Porcentaje de población menor de 18 años;2021;12,9
28079 Madrid;2807914 Madrid distrito 14;;Porcentaje de población menor de 18 años;2020;13,2
28079 Madrid;2807914 Madrid distrito 14;;Porcentaje de población menor de 18 años;2019;13,4
28079 Madrid;2807914 Madrid distrito 14;;Porcentaje de población menor de 18 años;2018;13,7
28079 Madrid;2807914 Madrid distrito 14;;Porcentaje de población menor de 18 años;2017;14,0
28079 Madrid;2807914 Madrid distrito 14;;Porcentaje de población menor de 18 años;2016;14,3
28079 Madrid;2807914 Madrid distrito 14;;Porcentaje de población menor de 18 años;2015;14,4
28079 Madrid;2807914 Madrid distrito 14;;Porcentaje de población de 65 y más años;2022;26,3
28079 Madrid;2807914 Madrid distrito 14;;Porcentaje de población de 65 y más años;2021;26,3
28079 Madrid;2807914 Madrid distrito 14;;Porcentaje de población de 65 y más años;2020;26,1
28079 Madrid;2807914 Madrid distrito 14;;Porcentaje de población de 65 y más años;2019;25,9
28079 Madrid;2807914 Madrid distrito 14;;Porcentaje de población de 65 y más años;2018;26,0
28079 Madrid;2807914 Madrid distrito 14;;Porcentaje de población de 65 y más años;2017;26,0
28079 Madrid;2807914 Madrid distrito 14;;Porcentaje de población de 65 y más años;2016;25,9
28079 Madrid;2807914 Madrid distrito 14;;Porcentaje de población de 65 y más años;2015;25,7
28079 Madrid;2807914 Madrid distrito 14;;Tamaño medio del hogar;2022;2,4
28079 Madrid;2807914 Madrid distrito 14;;Tamaño medio del hogar;2021;2,4
28079 Madrid;2807914 Madrid distrito 14;;Tamaño medio del hogar;2020;2,5
28079 Madrid;2807914 Madrid distrito 14;;Tamaño medio del hogar;2019;2,5
28079 Madrid;2807914 Madrid distrito 14;;Tamaño medio del hogar;2018;2,5
28079 Madrid;2807914 Madrid distrito 14;;Tamaño medio del hogar;2017;2,5
28079 Madrid;2807914 Madrid distrito 14;;Tamaño medio del hogar;2016;2,5
28079 Madrid;2807914 Madrid distrito 14;;Tamaño medio del hogar;2015;2,5
28079 Madrid;2807914 Madrid distrito 14;;Población;2022;91.987
28079 Madrid;2807914 Madrid distrito 14;;Población;2021;91.421
28079 Madrid;2807914 Madrid distrito 14;;Población;2020;92.584
28079 Madrid;2807914 Madrid distrito 14;;Población;2019;94.516
28079 Madrid;2807914 Madrid distrito 14;;Población;2018;93.668
28079 Madrid;2807914 Madrid distrito 14;;Población;2017;93.440
28079 Madrid;2807914 Madrid distrito 14;;Población;2016;93.308
28079 Madrid;2807914 Madrid distrito 14;;Población;2015;93.711
28079 Madrid;2807915 Madrid distrito 15;;Edad media de la población;2022;45,6
28079 Madrid;2807915 Madrid distrito 15;;Edad media de la población;2021;45,9
28079 Madrid;2807915 Madrid distrito 15;;Edad media de la población;2020;45,6
28079 Madrid;2807915 Madrid distrito 15;;Edad media de la población;2019;45,4
28079 Madrid;2807915 Madrid distrito 15;;Edad media de la población;2018;45,4
28079 Madrid;2807915 Madrid distrito 15;;Edad media de la población;2017;45,4
28079 Madrid;2807915 Madrid distrito 15;;Edad media de la población;2016;45,3
28079 Madrid;2807915 Madrid distrito 15;;Edad media de la población;2015;45,2
28079 Madrid;2807915 Madrid distrito 15;;Porcentaje de población menor de 18 años;2022;13,3
28079 Madrid;2807915 Madrid distrito 15;;Porcentaje de población menor de 18 años;2021;13,7
28079 Madrid;2807915 Madrid distrito 15;;Porcentaje de población menor de 18 años;2020;14,0
28079 Madrid;2807915 Madrid distrito 15;;Porcentaje de población menor de 18 años;2019;14,2
28079 Madrid;2807915 Madrid distrito 15;;Porcentaje de población menor de 18 años;2018;14,4
28079 Madrid;2807915 Madrid distrito 15;;Porcentaje de población menor de 18 años;2017;14,6
28079 Madrid;2807915 Madrid distrito 15;;Porcentaje de población menor de 18 años;2016;14,8
28079 Madrid;2807915 Madrid distrito 15;;Porcentaje de población menor de 18 años;2015;14,8
28079 Madrid;2807915 Madrid distrito 15;;Porcentaje de población de 65 y más años;2022;22,7
28079 Madrid;2807915 Madrid distrito 15;;Porcentaje de población de 65 y más años;2021;23,1
28079 Madrid;2807915 Madrid distrito 15;;Porcentaje de población de 65 y más años;2020;22,9
28079 Madrid;2807915 Madrid distrito 15;;Porcentaje de población de 65 y más años;2019;22,8
28079 Madrid;2807915 Madrid distrito 15;;Porcentaje de población de 65 y más años;2018;22,9
28079 Madrid;2807915 Madrid distrito 15;;Porcentaje de población de 65 y más años;2017;23,1
28079 Madrid;2807915 Madrid distrito 15;;Porcentaje de población de 65 y más años;2016;23,3
28079 Madrid;2807915 Madrid distrito 15;;Porcentaje de población de 65 y más años;2015;23,2
28079 Madrid;2807915 Madrid distrito 15;;Tamaño medio del hogar;2022;2,4
28079 Madrid;2807915 Madrid distrito 15;;Tamaño medio del hogar;2021;2,4
28079 Madrid;2807915 Madrid distrito 15;;Tamaño medio del hogar;2020;2,5
28079 Madrid;2807915 Madrid distrito 15;;Tamaño medio del hogar;2019;2,5
28079 Madrid;2807915 Madrid distrito 15;;Tamaño medio del hogar;2018;2,5
28079 Madrid;2807915 Madrid distrito 15;;Tamaño medio del hogar;2017;2,5
28079 Madrid;2807915 Madrid distrito 15;;Tamaño medio del hogar;2016;2,5
28079 Madrid;2807915 Madrid distrito 15;;Tamaño medio del hogar;2015;2,5
28079 Madrid;2807915 Madrid distrito 15;;Población;2022;217.542
28079 Madrid;2807915 Madrid distrito 15;;Población;2021;210.808
28079 Madrid;2807915 Madrid distrito 15;;Población;2020;212.797
28079 Madrid;2807915 Madrid distrito 15;;Población;2019;216.452
28079 Madrid;2807915 Madrid distrito 15;;Población;2018;213.439
28079 Madrid;2807915 Madrid distrito 15;;Población;2017;211.723
28079 Madrid;2807915 Madrid distrito 15;;Población;2016;209.814
28079 Madrid;2807915 Madrid distrito 15;;Población;2015;210.053
28079 Madrid;2807916 Madrid distrito 16;;Edad media de la población;2022;42,2
28079 Madrid;2807916 Madrid distrito 16;;Edad media de la población;2021;42,2
28079 Madrid;2807916 Madrid distrito 16;;Edad media de la población;2020;42,0
28079 Madrid;2807916 Madrid distrito 16;;Edad media de la población;2019;41,7
28079 Madrid;2807916 Madrid distrito 16;;Edad media de la población;2018;41,6
28079 Madrid;2807916 Madrid distrito 16;;Edad media de la población;2017;41,7
28079 Madrid;2807916 Madrid distrito 16;;Edad media de la población;2016;41,6
28079 Madrid;2807916 Madrid distrito 16;;Edad media de la población;2015;41,5
28079 Madrid;2807916 Madrid distrito 16;;Porcentaje de población menor de 18 años;2022;19,5
28079 Madrid;2807916 Madrid distrito 16;;Porcentaje de población menor de 18 años;2021;19,6
28079 Madrid;2807916 Madrid distrito 16;;Porcentaje de población menor de 18 años;2020;19,7
28079 Madrid;2807916 Madrid distrito 16;;Porcentaje de población menor de 18 años;2019;19,8
28079 Madrid;2807916 Madrid distrito 16;;Porcentaje de población menor de 18 años;2018;19,9
28079 Madrid;2807916 Madrid distrito 16;;Porcentaje de población menor de 18 años;2017;19,7
28079 Madrid;2807916 Madrid distrito 16;;Porcentaje de población menor de 18 años;2016;19,6
28079 Madrid;2807916 Madrid distrito 16;;Porcentaje de población menor de 18 años;2015;19,4
28079 Madrid;2807916 Madrid distrito 16;;Porcentaje de población de 65 y más años;2022;18,6
28079 Madrid;2807916 Madrid distrito 16;;Porcentaje de población de 65 y más años;2021;18,6
28079 Madrid;2807916 Madrid distrito 16;;Porcentaje de población de 65 y más años;2020;18,5
28079 Madrid;2807916 Madrid distrito 16;;Porcentaje de población de 65 y más años;2019;18,3
28079 Madrid;2807916 Madrid distrito 16;;Porcentaje de población de 65 y más años;2018;18,4
28079 Madrid;2807916 Madrid distrito 16;;Porcentaje de población de 65 y más años;2017;18,5
28079 Madrid;2807916 Madrid distrito 16;;Porcentaje de población de 65 y más años;2016;18,5
28079 Madrid;2807916 Madrid distrito 16;;Porcentaje de población de 65 y más años;2015;18,4
28079 Madrid;2807916 Madrid distrito 16;;Tamaño medio del hogar;2022;2,6
28079 Madrid;2807916 Madrid distrito 16;;Tamaño medio del hogar;2021;2,6
28079 Madrid;2807916 Madrid distrito 16;;Tamaño medio del hogar;2020;2,6
28079 Madrid;2807916 Madrid distrito 16;;Tamaño medio del hogar;2019;2,7
28079 Madrid;2807916 Madrid distrito 16;;Tamaño medio del hogar;2018;2,7
28079 Madrid;2807916 Madrid distrito 16;;Tamaño medio del hogar;2017;2,6
28079 Madrid;2807916 Madrid distrito 16;;Tamaño medio del hogar;2016;2,6
28079 Madrid;2807916 Madrid distrito 16;;Tamaño medio del hogar;2015;2,6
28079 Madrid;2807916 Madrid distrito 16;;Población;2022;196.608
28079 Madrid;2807916 Madrid distrito 16;;Población;2021;192.353
28079 Madrid;2807916 Madrid distrito 16;;Población;2020;190.155
28079 Madrid;2807916 Madrid distrito 16;;Población;2019;190.927
28079 Madrid;2807916 Madrid distrito 16;;Población;2018;186.168
28079 Madrid;2807916 Madrid distrito 16;;Población;2017;181.525
28079 Madrid;2807916 Madrid distrito 16;;Población;2016;178.161
28079 Madrid;2807916 Madrid distrito 16;;Población;2015;175.768
28079 Madrid;2807917 Madrid distrito 17;;Edad media de la población;2022;41,7
28079 Madrid;2807917 Madrid distrito 17;;Edad media de la población;2021;42,0
28079 Madrid;2807917 Madrid distrito 17;;Edad media de la población;2020;41,8
28079 Madrid;2807917 Madrid distrito 17;;Edad media de la población;2019;41,6
28079 Madrid;2807917 Madrid distrito 17;;Edad media de la población;2018;41,7
28079 Madrid;2807917 Madrid distrito 17;;Edad media de la población;2017;41,7
28079 Madrid;2807917 Madrid distrito 17;;Edad media de la población;2016;41,7
28079 Madrid;2807917 Madrid distrito 17;;Edad media de la población;2015;41,6
28079 Madrid;2807917 Madrid distrito 17;;Porcentaje de población menor de 18 años;2022;17,5
28079 Madrid;2807917 Madrid distrito 17;;Porcentaje de población menor de 18 años;2021;17,8
28079 Madrid;2807917 Madrid distrito 17;;Porcentaje de población menor de 18 años;2020;18,0
28079 Madrid;2807917 Madrid distrito 17;;Porcentaje de población menor de 18 años;2019;18,3
28079 Madrid;2807917 Madrid distrito 17;;Porcentaje de población menor de 18 años;2018;18,6
28079 Madrid;2807917 Madrid distrito 17;;Porcentaje de población menor de 18 años;2017;18,7
28079 Madrid;2807917 Madrid distrito 17;;Porcentaje de población menor de 18 años;2016;18,8
28079 Madrid;2807917 Madrid distrito 17;;Porcentaje de población menor de 18 años;2015;18,6
28079 Madrid;2807917 Madrid distrito 17;;Porcentaje de población de 65 y más años;2022;16,5
28079 Madrid;2807917 Madrid distrito 17;;Porcentaje de población de 65 y más años;2021;16,9
28079 Madrid;2807917 Madrid distrito 17;;Porcentaje de población de 65 y más años;2020;16,9
28079 Madrid;2807917 Madrid distrito 17;;Porcentaje de población de 65 y más años;2019;17,1
28079 Madrid;2807917 Madrid distrito 17;;Porcentaje de población de 65 y más años;2018;17,5
28079 Madrid;2807917 Madrid distrito 17;;Porcentaje de población de 65 y más años;2017;17,9
28079 Madrid;2807917 Madrid distrito 17;;Porcentaje de población de 65 y más años;2016;18,2
28079 Madrid;2807917 Madrid distrito 17;;Porcentaje de población de 65 y más años;2015;18,3
28079 Madrid;2807917 Madrid distrito 17;;Tamaño medio del hogar;2022;2,8
28079 Madrid;2807917 Madrid distrito 17;;Tamaño medio del hogar;2021;2,7
28079 Madrid;2807917 Madrid distrito 17;;Tamaño medio del hogar;2020;2,8
28079 Madrid;2807917 Madrid distrito 17;;Tamaño medio del hogar;2019;2,8
28079 Madrid;2807917 Madrid distrito 17;;Tamaño medio del hogar;2018;2,8
28079 Madrid;2807917 Madrid distrito 17;;Tamaño medio del hogar;2017;2,7
28079 Madrid;2807917 Madrid distrito 17;;Tamaño medio del hogar;2016;2,7
28079 Madrid;2807917 Madrid distrito 17;;Tamaño medio del hogar;2015;2,7
28079 Madrid;2807917 Madrid distrito 17;;Población;2022;156.376
28079 Madrid;2807917 Madrid distrito 17;;Población;2021;150.813
28079 Madrid;2807917 Madrid distrito 17;;Población;2020;151.168
28079 Madrid;2807917 Madrid distrito 17;;Población;2019;151.631
28079 Madrid;2807917 Madrid distrito 17;;Población;2018;146.863
28079 Madrid;2807917 Madrid distrito 17;;Población;2017;143.702
28079 Madrid;2807917 Madrid distrito 17;;Población;2016;141.016
28079 Madrid;2807917 Madrid distrito 17;;Población;2015;139.544
28079 Madrid;2807918 Madrid distrito 18;;Edad media de la población;2022;39,4
28079 Madrid;2807918 Madrid distrito 18;;Edad media de la población;2021;39,2
28079 Madrid;2807918 Madrid distrito 18;;Edad media de la población;2020;38,8
28079 Madrid;2807918 Madrid distrito 18;;Edad media de la población;2019;38,5
28079 Madrid;2807918 Madrid distrito 18;;Edad media de la población;2018;38,3
28079 Madrid;2807918 Madrid distrito 18;;Edad media de la población;2017;38,0
28079 Madrid;2807918 Madrid distrito 18;;Edad media de la población;2016;37,8
28079 Madrid;2807918 Madrid distrito 18;;Edad media de la población;2015;37,6
28079 Madrid;2807918 Madrid distrito 18;;Porcentaje de población menor de 18 años;2022;20,1
28079 Madrid;2807918 Madrid distrito 18;;Porcentaje de población menor de 18 años;2021;20,4
28079 Madrid;2807918 Madrid distrito 18;;Porcentaje de población menor de 18 años;2020;20,6
28079 Madrid;2807918 Madrid distrito 18;;Porcentaje de población menor de 18 años;2019;20,8
28079 Madrid;2807918 Madrid distrito 18;;Porcentaje de población menor de 18 años;2018;21,0
28079 Madrid;2807918 Madrid distrito 18;;Porcentaje de población menor de 18 años;2017;21,1
28079 Madrid;2807918 Madrid distrito 18;;Porcentaje de población menor de 18 años;2016;21,1
28079 Madrid;2807918 Madrid distrito 18;;Porcentaje de población menor de 18 años;2015;20,8
28079 Madrid;2807918 Madrid distrito 18;;Porcentaje de población de 65 y más años;2022;13,2
28079 Madrid;2807918 Madrid distrito 18;;Porcentaje de población de 65 y más años;2021;13,0
28079 Madrid;2807918 Madrid distrito 18;;Porcentaje de población de 65 y más años;2020;12,6
28079 Madrid;2807918 Madrid distrito 18;;Porcentaje de población de 65 y más años;2019;12,5
28079 Madrid;2807918 Madrid distrito 18;;Porcentaje de población de 65 y más años;2018;12,3
28079 Madrid;2807918 Madrid distrito 18;;Porcentaje de población de 65 y más años;2017;12,2
28079 Madrid;2807918 Madrid distrito 18;;Porcentaje de población de 65 y más años;2016;12,0
28079 Madrid;2807918 Madrid distrito 18;;Porcentaje de población de 65 y más años;2015;11,9
28079 Madrid;2807918 Madrid distrito 18;;Tamaño medio del hogar;2022;2,6
28079 Madrid;2807918 Madrid distrito 18;;Tamaño medio del hogar;2021;2,6
28079 Madrid;2807918 Madrid distrito 18;;Tamaño medio del hogar;2020;2,6
28079 Madrid;2807918 Madrid distrito 18;;Tamaño medio del hogar;2019;2,6
28079 Madrid;2807918 Madrid distrito 18;;Tamaño medio del hogar;2018;2,6
28079 Madrid;2807918 Madrid distrito 18;;Tamaño medio del hogar;2017;2,6
28079 Madrid;2807918 Madrid distrito 18;;Tamaño medio del hogar;2016;2,6
28079 Madrid;2807918 Madrid distrito 18;;Tamaño medio del hogar;2015;2,5
28079 Madrid;2807918 Madrid distrito 18;;Población;2022;116.371
28079 Madrid;2807918 Madrid distrito 18;;Población;2021;113.429
28079 Madrid;2807918 Madrid distrito 18;;Población;2020;113.019
28079 Madrid;2807918 Madrid distrito 18;;Población;2019;113.067
28079 Madrid;2807918 Madrid distrito 18;;Población;2018;109.275
28079 Madrid;2807918 Madrid distrito 18;;Población;2017;106.479
28079 Madrid;2807918 Madrid distrito 18;;Población;2016;103.149
28079 Madrid;2807918 Madrid distrito 18;;Población;2015;100.775
28079 Madrid;2807919 Madrid distrito 19;;Edad media de la población;2022;40,4
28079 Madrid;2807919 Madrid distrito 19;;Edad media de la población;2021;40,6
28079 Madrid;2807919 Madrid distrito 19;;Edad media de la población;2020;40,7
28079 Madrid;2807919 Madrid distrito 19;;Edad media de la población;2019;40,5
28079 Madrid;2807919 Madrid distrito 19;;Edad media de la población;2018;40,3
28079 Madrid;2807919 Madrid distrito 19;;Edad media de la población;2017;40,0
28079 Madrid;2807919 Madrid distrito 19;;Edad media de la población;2016;39,6
28079 Madrid;2807919 Madrid distrito 19;;Edad media de la población;2015;39,3
28079 Madrid;2807919 Madrid distrito 19;;Porcentaje de población menor de 18 años;2022;19,2
28079 Madrid;2807919 Madrid distrito 19;;Porcentaje de población menor de 18 años;2021;19,6
28079 Madrid;2807919 Madrid distrito 19;;Porcentaje de población menor de 18 años;2020;20,0
28079 Madrid;2807919 Madrid distrito 19;;Porcentaje de población menor de 18 años;2019;20,4
28079 Madrid;2807919 Madrid distrito 19;;Porcentaje de población menor de 18 años;2018;20,9
28079 Madrid;2807919 Madrid distrito 19;;Porcentaje de población menor de 18 años;2017;21,4
28079 Madrid;2807919 Madrid distrito 19;;Porcentaje de población menor de 18 años;2016;22,0
28079 Madrid;2807919 Madrid distrito 19;;Porcentaje de población menor de 18 años;2015;22,2
28079 Madrid;2807919 Madrid distrito 19;;Porcentaje de población de 65 y más años;2022;13,5
28079 Madrid;2807919 Madrid distrito 19;;Porcentaje de población de 65 y más años;2021;13,7
28079 Madrid;2807919 Madrid distrito 19;;Porcentaje de población de 65 y más años;2020;14,2
28079 Madrid;2807919 Madrid distrito 19;;Porcentaje de población de 65 y más años;2019;14,4
28079 Madrid;2807919 Madrid distrito 19;;Porcentaje de población de 65 y más años;2018;14,5
28079 Madrid;2807919 Madrid distrito 19;;Porcentaje de población de 65 y más años;2017;14,6
28079 Madrid;2807919 Madrid distrito 19;;Porcentaje de población de 65 y más años;2016;14,6
28079 Madrid;2807919 Madrid distrito 19;;Porcentaje de población de 65 y más años;2015;14,5
28079 Madrid;2807919 Madrid distrito 19;;Tamaño medio del hogar;2022;2,6
28079 Madrid;2807919 Madrid distrito 19;;Tamaño medio del hogar;2021;2,7
28079 Madrid;2807919 Madrid distrito 19;;Tamaño medio del hogar;2020;2,7
28079 Madrid;2807919 Madrid distrito 19;;Tamaño medio del hogar;2019;2,7
28079 Madrid;2807919 Madrid distrito 19;;Tamaño medio del hogar;2018;2,7
28079 Madrid;2807919 Madrid distrito 19;;Tamaño medio del hogar;2017;2,7
28079 Madrid;2807919 Madrid distrito 19;;Tamaño medio del hogar;2016;2,7
28079 Madrid;2807919 Madrid distrito 19;;Tamaño medio del hogar;2015;2,7
28079 Madrid;2807919 Madrid distrito 19;;Población;2022;82.727
28079 Madrid;2807919 Madrid distrito 19;;Población;2021;78.151
28079 Madrid;2807919 Madrid distrito 19;;Población;2020;74.158
28079 Madrid;2807919 Madrid distrito 19;;Población;2019;73.106
28079 Madrid;2807919 Madrid distrito 19;;Población;2018;71.337
28079 Madrid;2807919 Madrid distrito 19;;Población;2017;70.262
28079 Madrid;2807919 Madrid distrito 19;;Población;2016;69.359
28079 Madrid;2807919 Madrid distrito 19;;Población;2015;68.994
28079 Madrid;2807920 Madrid distrito 20;;Edad media de la población;2022;43,3
28079 Madrid;2807920 Madrid distrito 20;;Edad media de la población;2021;43,3
28079 Madrid;2807920 Madrid distrito 20;;Edad media de la población;2020;43,0
28079 Madrid;2807920 Madrid distrito 20;;Edad media de la población;2019;42,7
28079 Madrid;2807920 Madrid distrito 20;;Edad media de la población;2018;42,6
28079 Madrid;2807920 Madrid distrito 20;;Edad media de la población;2017;42,5
28079 Madrid;2807920 Madrid distrito 20;;Edad media de la población;2016;42,3
28079 Madrid;2807920 Madrid distrito 20;;Edad media de la población;2015;42,1
28079 Madrid;2807920 Madrid distrito 20;;Porcentaje de población menor de 18 años;2022;15,8
28079 Madrid;2807920 Madrid distrito 20;;Porcentaje de población menor de 18 años;2021;16,4
28079 Madrid;2807920 Madrid distrito 20;;Porcentaje de población menor de 18 años;2020;16,8
28079 Madrid;2807920 Madrid distrito 20;;Porcentaje de población menor de 18 años;2019;17,3
28079 Madrid;2807920 Madrid distrito 20;;Porcentaje de población menor de 18 años;2018;17,9
28079 Madrid;2807920 Madrid distrito 20;;Porcentaje de población menor de 18 años;2017;18,2
28079 Madrid;2807920 Madrid distrito 20;;Porcentaje de población menor de 18 años;2016;18,6
28079 Madrid;2807920 Madrid distrito 20;;Porcentaje de población menor de 18 años;2015;18,7
28079 Madrid;2807920 Madrid distrito 20;;Porcentaje de población de 65 y más años;2022;17,7
28079 Madrid;2807920 Madrid distrito 20;;Porcentaje de población de 65 y más años;2021;17,6
28079 Madrid;2807920 Madrid distrito 20;;Porcentaje de población de 65 y más años;2020;17,4
28079 Madrid;2807920 Madrid distrito 20;;Porcentaje de población de 65 y más años;2019;17,3
28079 Madrid;2807920 Madrid distrito 20;;Porcentaje de población de 65 y más años;2018;17,5
28079 Madrid;2807920 Madrid distrito 20;;Porcentaje de población de 65 y más años;2017;17,6
28079 Madrid;2807920 Madrid distrito 20;;Porcentaje de población de 65 y más años;2016;17,7
28079 Madrid;2807920 Madrid distrito 20;;Porcentaje de población de 65 y más años;2015;17,7
28079 Madrid;2807920 Madrid distrito 20;;Tamaño medio del hogar;2022;2,6
28079 Madrid;2807920 Madrid distrito 20;;Tamaño medio del hogar;2021;2,6
28079 Madrid;2807920 Madrid distrito 20;;Tamaño medio del hogar;2020;2,6
28079 Madrid;2807920 Madrid distrito 20;;Tamaño medio del hogar;2019;2,6
28079 Madrid;2807920 Madrid distrito 20;;Tamaño medio del hogar;2018;2,6
28079 Madrid;2807920 Madrid distrito 20;;Tamaño medio del hogar;2017;2,6
28079 Madrid;2807920 Madrid distrito 20;;Tamaño medio del hogar;2016;2,6
28079 Madrid;2807920 Madrid distrito 20;;Tamaño medio del hogar;2015;2,6
28079 Madrid;2807920 Madrid distrito 20;;Población;2022;159.045
28079 Madrid;2807920 Madrid distrito 20;;Población;2021;156.364
28079 Madrid;2807920 Madrid distrito 20;;Población;2020;157.175
28079 Madrid;2807920 Madrid distrito 20;;Población;2019;158.757
28079 Madrid;2807920 Madrid distrito 20;;Población;2018;156.044
28079 Madrid;2807920 Madrid distrito 20;;Población;2017;154.112
28079 Madrid;2807920 Madrid distrito 20;;Población;2016;152.495
28079 Madrid;2807920 Madrid distrito 20;;Población;2015;151.572
28079 Madrid;2807921 Madrid distrito 21;;Edad media de la población;2022;42,8
28079 Madrid;2807921 Madrid distrito 21;;Edad media de la población;2021;42,4
28079 Madrid;2807921 Madrid distrito 21;;Edad media de la población;2020;41,7
28079 Madrid;2807921 Madrid distrito 21;;Edad media de la población;2019;41,3
28079 Madrid;2807921 Madrid distrito 21;;Edad media de la población;2018;41,1
28079 Madrid;2807921 Madrid distrito 21;;Edad media de la población;2017;40,9
28079 Madrid;2807921 Madrid distrito 21;;Edad media de la población;2016;40,7
28079 Madrid;2807921 Madrid distrito 21;;Edad media de la población;2015;40,5
28079 Madrid;2807921 Madrid distrito 21;;Porcentaje de población menor de 18 años;2022;18,7
28079 Madrid;2807921 Madrid distrito 21;;Porcentaje de población menor de 18 años;2021;19,2
28079 Madrid;2807921 Madrid distrito 21;;Porcentaje de población menor de 18 años;2020;20,0
28079 Madrid;2807921 Madrid distrito 21;;Porcentaje de población menor de 18 años;2019;20,2
28079 Madrid;2807921 Madrid distrito 21;;Porcentaje de población menor de 18 años;2018;20,5
28079 Madrid;2807921 Madrid distrito 21;;Porcentaje de población menor de 18 años;2017;20,6
28079 Madrid;2807921 Madrid distrito 21;;Porcentaje de población menor de 18 años;2016;20,5
28079 Madrid;2807921 Madrid distrito 21;;Porcentaje de población menor de 18 años;2015;20,2
28079 Madrid;2807921 Madrid distrito 21;;Porcentaje de población de 65 y más años;2022;19,0
28079 Madrid;2807921 Madrid distrito 21;;Porcentaje de población de 65 y más años;2021;18,7
28079 Madrid;2807921 Madrid distrito 21;;Porcentaje de población de 65 y más años;2020;17,8
28079 Madrid;2807921 Madrid distrito 21;;Porcentaje de población de 65 y más años;2019;17,7
28079 Madrid;2807921 Madrid distrito 21;;Porcentaje de población de 65 y más años;2018;17,6
28079 Madrid;2807921 Madrid distrito 21;;Porcentaje de población de 65 y más años;2017;17,5
28079 Madrid;2807921 Madrid distrito 21;;Porcentaje de población de 65 y más años;2016;17,1
28079 Madrid;2807921 Madrid distrito 21;;Porcentaje de población de 65 y más años;2015;16,8
28079 Madrid;2807921 Madrid distrito 21;;Tamaño medio del hogar;2022;2,6
28079 Madrid;2807921 Madrid distrito 21;;Tamaño medio del hogar;2021;2,6
28079 Madrid;2807921 Madrid distrito 21;;Tamaño medio del hogar;2020;2,6
28079 Madrid;2807921 Madrid distrito 21;;Tamaño medio del hogar;2019;2,7
28079 Madrid;2807921 Madrid distrito 21;;Tamaño medio del hogar;2018;2,7
28079 Madrid;2807921 Madrid distrito 21;;Tamaño medio del hogar;2017;2,7
28079 Madrid;2807921 Madrid distrito 21;;Tamaño medio del hogar;2016;2,7
28079 Madrid;2807921 Madrid distrito 21;;Tamaño medio del hogar;2015;2,7
28079 Madrid;2807921 Madrid distrito 21;;Población;2022;48.417
28079 Madrid;2807921 Madrid distrito 21;;Población;2021;47.978
28079 Madrid;2807921 Madrid distrito 21;;Población;2020;49.524
28079 Madrid;2807921 Madrid distrito 21;;Población;2019;49.630
28079 Madrid;2807921 Madrid distrito 21;;Población;2018;48.621
28079 Madrid;2807921 Madrid distrito 21;;Población;2017;47.488
28079 Madrid;2807921 Madrid distrito 21;;Población;2016;46.532
28079 Madrid;2807921 Madrid distrito 21;;Población;2015;45.951
