precio,localidad,tamanio,habitaciones,descripcion,link,descripcion_larga,distrito
348.900,Piso en Avenida Mayorazgo 34,96,2,Planta 5ª exterior con ascensor,/inmueble/109243956/,"
Terraza de 8,08 m2.
Atención en la oficina de ventas con cita previa.
Obra nueva con entrega finales del 2028
¡Empieza la venta de Residencial Lyra en Valdecarros!
Descubre Residencial Lyra, la primera promoción de renta libre en Valdecarros, el nuevo eje de crecimiento del sureste de Madrid. Ubicada en la Etapa 1 y
",villa-de-vallecas
279.900,Piso en Calle de Entrepeñas 5,55,1,Planta 5ª exterior con ascensor,/inmueble/109244717/,"
Exclusiva vivienda en venta en Calle Entrepeñas, 5 – Ensanche de Vallecas (La Gavia), Madrid
Presentamos esta magnífica propiedad situada en la quinta planta de una finca de gran calidad en una de las zonas más demandadas del Ensanche de Vallecas, La Gavia, un enclave moderno, bien comunicado y rodeado de todos los se
",villa-de-vallecas
229.000,Piso en Calle de Sierra Gádor 30,48,2,Bajo exterior con ascensor,/inmueble/107886661/,"
VENTA DIRECTA PROPIEDAD.
Se vende magnifica vivienda, con posibilidad de uso turístico VUT, completamente a estrenar (se corresponde con la vivienda C en el plano). Cuenta con dos dormitorios, y baño espacioso con plato de ducha.
Con espacioso salón - comedor diseñado para el aprovechamiento de luz natural al máximo. L
",villa-de-vallecas
279.900,Piso en Calle de Puentelarra Santa Eugenia,82,3,Planta 4ª exterior con ascensor,/inmueble/107333453/,"
Luminoso y acogedor piso en Santa Eugenia, Villa de Vallecas, Madrid, ideal para quien busca tranquilidad, comodidad y calidad de vida.
Su ubicación es inmejorable, a pocos minutos del Hospital Infanta Leonor y con excelentes conexiones de metro y autobús para desplazarse fácilmente por la ciudad. La vivienda destaca
",villa-de-vallecas
260.000,Piso en Avenida del Ensanche de Vallecas Ensanche de Vallecas - La Gavia,87,1,Planta 4ª exterior con ascensor,/inmueble/107780564/,"
CONTACTAR CON LA EXTENSIÓN Nº 1
Precioso apartamento en venta en la plena avenida Ensanche de Vallecas.
La vivienda se localiza en la planta 4 del edificio, que dispone de ascensor, data del año 2007. La finca dispone de PLAZA DE GARAJE junto al ascensor. ZONAS COMUNES (como piscinas en azotea, zonas de solárium, zo
",villa-de-vallecas
309.000,Piso en Avenida del Ensanche de Vallecas Ensanche de Vallecas - La Gavia,70,2,Bajo exterior con ascensor,/inmueble/108928125/,"
Inmobiliaria VOhome Propiedades La Gavia vende piso en el Ensanche de Vallecas
Presentamos esta estupenda vivienda de 2 dormitorios y 2 baños, uno de ellos en suite y reformado, ubicada en una de las zonas más demandadas del Ensanche de Vallecas.
El piso incluye plaza de garaje y trastero, todo ello incluido en el pr
",villa-de-vallecas
269.900,Piso en Calle de Sierra Gádor Casco Histórico de Vallecas,90,3,Planta 2ª exterior sin ascensor,/inmueble/108962937/,"
TengoTuCasa presenta esta estupenda vivienda en venta en la calle Sierra de Gádor, en el barrio de Vallecas. El piso cuenta con salón comedor, tres dormitorios, un baño completo, cocina independiente y dos terrazas que aportan luz natural y ventilación cruzada a toda la vivienda. Se encuentra en muy buen estado por lo
",villa-de-vallecas
370.000,Piso en Calle de Zazuar Santa Eugenia,88,3,Planta 2ª exterior con ascensor,/inmueble/109077875/,"
Inmobiliaria Santa Eugenia VOhome VENDE
Vivienda completamente reformada en el barrio de Santa Eugenia con orientación suroreste y calefacción individual a gas.
Plaza de Garaje opcional no incluida en el precio.
Se compone de 3 dormitorios, amplio salón con aire acondicionado y acceso a terraza cubierta. Cuenta con
",villa-de-vallecas
539.000,Piso en Calle Rozas de Puerto Real Ensanche de Vallecas - La Gavia,110,3,Bajo exterior con ascensor,/inmueble/108561148/,"
Inmobiliaria VOhome propiedades La Gavia vende piso con dos patios.
Preciosa y amplia vivienda de 92m² con dos grandes patios privados de 93m²
Esta luminosa vivienda de reciente construcción (año 2018) destaca por su excelente distribución y cuidadoso mantenimiento. Cuenta con 3 dormitorios, amplio salón, cocina inde
",villa-de-vallecas
335.000,Piso en Calle de Fuentespina Santa Eugenia,89,3,Planta 9ª exterior con ascensor,/inmueble/108821153/,"
Piso en Venta en Fuentespina
Inmobiliaria Santa Eugenia VOhome Vende:
Vivienda con orientación noroeste de 3 dormitorios con armarios empotrados, salón con acceso a terraza cubierta de gran tamaño, cocina, 2 baños completos.
Cuenta con calefacción individual, suelos de tarima, puertas blancas, paredes lisas.
Esta vi
",villa-de-vallecas
330.000,Ático en Ensanche de Vallecas - La Gavia Madrid,67,1,Planta 7ª exterior con ascensor,/inmueble/108845012/,"
Servicheck vende precioso ático de una habitación en Ensanche de Vallecas, Madrid
Para mas consultas ponerse en contacto con Pablo Centomo al 602_25_10_37 ( también se atiende por whatsapp).
Se vende en rentabilidad, la vivienda se encuentra alquilada.
Presentamos este exclusivo ático ubicado en una de las zonas co
",villa-de-vallecas
229.900,Piso en Ensanche de Vallecas - La Gavia Madrid,51,1,Planta 6ª exterior con ascensor,/inmueble/109203139/,"
Excelente oportunidad de inversión en Ensanche de Vallecas – Avenida Ensanche de Vallecas, 108
Presentamos esta magnífica vivienda en sexta planta, exterior y muy luminosa, con 50 m², ubicada en una de las urbanizaciones más completas del Ensanche de Vallecas.
 Características de la vivienda:
Superficie: 50 m² cons
",villa-de-vallecas
249.500,Piso en Avenida del Ensanche de Vallecas Ensanche de Vallecas - La Gavia,48,1,Planta 3ª exterior con ascensor,/inmueble/108372257/,"
Inmobiliaria VOhome Propiedades La Gavia vende acogedor piso en el Ensanche de Vallecas.
La vivienda cuenta con 1 dormitorio independiente con puerta corredera, un luminoso salón con cocina americana, vestidor y un baño completo. En el precio se incluye una plaza de garaje.
Además, dispone de un altillo de aproximada
",villa-de-vallecas
420.000,Piso en Calle de Antonio Gades Ensanche de Vallecas - La Gavia,96,3,Planta 5ª exterior con ascensor,/inmueble/109169382/,"
VOhome Propiedades La Gavia vende excelente piso en el Ensanche de Vallecas.
Se trata de una amplia vivienda de 83 m² útiles, distribuida en 3 dormitorios, salón independiente, cocina amueblada con tendedero cubierto y 2 baños completos, uno de ellos en suite en el dormitorio principal.
Incluye plaza de garaje y tras
",villa-de-vallecas
390.000,Piso en Calle de Puentelarra Santa Eugenia,127,3,Planta 1ª exterior con ascensor,/inmueble/108463322/,"
Inmobiliaria Santa Eugenia VOhome Vende
Vivienda con orientación noroeste en el barrio de Santa Eugenia, compuesta de 3 dormitorios cada uno cuenta con armario empotrado, salón con acceso a terraza exterior, cocina amueblada y equipada, tendedero cubierto y 2 baños.
Cuenta con aire acondicionado en salón y pasillo.
La
",villa-de-vallecas
255.000,Piso en Plaza Martinez Olmedilla Santa Eugenia,105,3,Planta 1ª exterior con ascensor,/inmueble/109150703/,"
Inmobiliaria Santa Eugenia VOhome VENDE
Vivienda en el barrio de Santa Eugenia con orientación oeste, ascensor y calefacción individual a gas.
Se compone de 3 dormitorios, amplio salón y acceso a terraza cubierta.
Cocina con tendedero. Baño con plato de ducha y panel de hidromasaje.
La vivienda se encuentra en buen
",villa-de-vallecas
238.000,Piso en Calle Monte de Montjuich Santa Eugenia,118,3,Planta 1ª exterior con ascensor,/inmueble/107169193/,"
Hminmobiliaria tiene TÚ CASA en Vallecas de 118m 1ª planta con ASCENSOR! 100% FINANCIACIÓN!
¡TÚ PROPIEDAD por MENOS de un ALQUILER!
COMPRA tú PISO y OLVÍDATE del ALQUILER!
VER VIDEO!
100% FINANCIACIÓN! SIN ENTRADA! SIN COMISIONES! SIN AVALES!
Buena opción como PRIMERA VIVIENDA o como INVERSIÓN!
Solo con tus INGR
",villa-de-vallecas
315.000,Piso en Calle Monte de Montjuich Santa Eugenia,113,3,Planta 2ª exterior con ascensor,/inmueble/109250895/,"
Housfy vende piso en Villa de Vallecas, Madrid, perfecto para familias o parejas que busquen un lugar cómodo para su día a día.
Detalles del inmueble:
- 2º planta exterior en finca con ascensor de 1984.
- Perfecto piso de 113 m2 en Santa Eugenia. (Los metros cuadrados están verificados con la Dirección General de Cata
",villa-de-vallecas
229.000,Piso en Calle de Sierra Gádor 30,48,2,Bajo exterior con ascensor,/inmueble/107886593/,"
VENTA DIRECTA PROPIEDAD.
Se vende magnifica vivienda, con posibilidad de uso turístico VUT, completamente a estrenar (se corresponde con la vivienda B en el plano). Cuenta con dos dormitorios, y baño espacioso con plato de ducha.
Con espacioso salón - comedor diseñado para el aprovechamiento de luz natural al máximo. L
",villa-de-vallecas
400.000,Piso en Calle Villaluenga de la Sagra Ensanche de Vallecas - La Gavia,124,2,Planta 4ª exterior con ascensor,/inmueble/109256102/,"
Lanzamos esta vivienda el sábado 14 de Septiembre. Por las características y precio de la vivienda llevaremos el orden según entrada de la petición por el portal inmobiliario que nos haya conocido. No deje que se adelanten y pierda esta oportunidad.
Increíble oportunidad, inmueble para entrar a vivir sin tener que gas
",villa-de-vallecas
250.000,Piso en Casco Histórico de Vallecas Madrid,79,3,Planta 3ª exterior sin ascensor,/inmueble/108540525/,"
Se vende gran vivienda totalmente exterior de 79 metros construidos y 70 metros útiles, ideal para familias o aquellos que buscan espacio y comodidad. Distribuido en 3 habitaciones luminosas, baño completo, salón comedor y cocina independiente ambos con salida a terraza de 11 m2. Este hogar ofrece todo lo que necesitas
",villa-de-vallecas
329.000,Piso en CL Sierra Vieja Casco Histórico de Vallecas,91,2,Planta 1ª exterior con ascensor,/inmueble/108585313/,"
**Piso en Venta en Vallecas Villa - Oportunidad Única** ""Directo de la propiedad ""
Descubre este espectacular piso de 91 m², ubicado en la primera planta del conjunto urbanístico ""Vallecas Villa"". Este hogar ha sido reformado integralmente, ofreciendo un ambiente moderno y acogedor. Con dos amplios dormitorios, uno de
",villa-de-vallecas
247.500,Estudio en Avenida de las Suertes Ensanche de Vallecas - La Gavia,Planta,37,,/inmueble/109240836/,"
REDPISO ENSANCHE DE VALLECAS - LA GAVIA vende:
Acogedor estudio de 37 m² construidos (31 m² útiles), muy luminoso y bien distribuido.
Cuenta con:
 Dormitorio que se independiza mediante una mampara
 Cocina con isla tipo barra americana, ideal para cocinar y disfrutar en compañía
 Baño completo
 Armario em
",villa-de-vallecas
629.900,Ático en Calle Arte Figurativo s/n,115,3,Planta 7ª exterior con ascensor,/inmueble/107276531/,"
¡ÚLTIMO ÁTICO DISPONIBLE CON 2 PLAZAS DE GARAJE!
Vive en lo más alto del confort y la exclusividad: te presentamos el último ático de obra nueva de 3 dormitorios en Residencial Manhattan, ubicado en el corazón del Ensanche de Vallecas, en la Calle Arte Figurativo y la Avenida Gran Vía del Sureste. Una ubicación con ex
",villa-de-vallecas
290.000,Piso en Casco Histórico de Vallecas Madrid,71,3,Planta 2ª exterior sin ascensor,/inmueble/109243056/,"
Se vende luminoso y cómodo piso de 3 habitaciones en una zona tranquila y bien comunicada. La vivienda destaca por su amplia terraza privada, ideal para disfrutar del aire libre, hacer reuniones familiares o crear tu propio espacio de relax.
Características principales:
3 habitaciones espaciosas y con buena iluminac
",villa-de-vallecas
210.000,Piso en Avenida del Ensanche de Vallecas Ensanche de Vallecas - La Gavia,45,1,Planta 2ª exterior con ascensor,/inmueble/109043630/,"
RedPiso Ensanche de Vallecas – La Gavia vende:
Hermoso estudio en la avenida principal del Ensanche de Vallecas. La vivienda, con 31,15 m² útiles (45,16 m² construidos), cuenta con un recibidor, salón luminoso con gran ventanal y vistas despejadas a la avenida, cocina equipada, baño completo con plato de ducha y dormi
",villa-de-vallecas
719.000,Chalet adosado en Ensanche de Vallecas - La Gavia Madrid,190,4,,/inmueble/108529999/,"
Impecable chalet adosado para entrar a vivir en el Ensanche de Vallecas, la Gavia.
Muy luminoso, en zona tranquila. Aire acondicionado en el salón y preinstalación en toda la vivienda. Calefacción por gas natural.
Jardín terminado y garaje de 68 m2 con espacio para 2 o 3 coches, gran almacenaje y otros dos o tres coch
",villa-de-vallecas
355.000,Piso en Calle de Villacañas Casco Histórico de Vallecas,109,2,Planta 2ª exterior con ascensor,/inmueble/108684859/,"
INMOBILIARIA KRONOX vende en exclusiva piso de 2 dormitorios en Congosto junto al Ensanche de Vallecas, de 79 m2 construidos y 55 metros útiles, distribuidos en hall, 2 dormitorios, baño completo con plato de ducha, salón-comedor independiente y cocina. Todo exterior y muy luminoso. Cuenta con trastero y plaza de garaj
",villa-de-vallecas
275.000,Piso en Avenida del Ensanche de Vallecas 59,54,1,Planta 1ª exterior con ascensor,/inmueble/109200686/,"
Se vende piso de un dormitorio (47 metros útiles) situado en la misma Avda. del Ensanche de Vallecas, en el número 59. Ubicación excepcional y muy bien comunicado. Metro Las Suertes (línea 1) al lado, así como autobuses 145 y 142. Si conduces, accedes directamente a la M45 y estás cerca de la A3 y M40.
Colegios, servi
",villa-de-vallecas
345.000,Piso en Virgen de las Viñas Santa Eugenia,98,3,Planta 2ª exterior con ascensor,/inmueble/109152500/,"
**Piso en Venta en Santa Eugenia - ¡Tu nuevo hogar te espera! **
Descubre este encantador piso ubicado en el corazón de Santa Eugenia, un barrio residencial muy demandado por su tranquilidad y excelente calidad de vida. Rodeado de amplias zonas verdes y parques, este inmueble es perfecto para quienes buscan un entorno
",villa-de-vallecas
277.500,Piso en Calle Adolfo Bioy Casares Ensanche de Vallecas - La Gavia,54,1,Planta 6ª interior con ascensor,/inmueble/109114224/,"
REDPISO ENSANCHE DE VALLECAS - LA GAVIA vende:
Vivienda de 49 m² útiles, ubicada en una de las zonas más demandadas del Ensanche de Vallecas - La Gavia. Construcción del año 2008.
El piso dispone de salón, dormitorio con armario y baño completo con plato de ducha, además de un aseo en la zona del salón, perfecto pa
",villa-de-vallecas
240.000,Piso en Avenida del Cerro Milano Ensanche de Vallecas - La Gavia,52,1,Planta 5ª exterior con ascensor,/inmueble/107542542/,"
Si está leyendo esto y busca un APARTAMENTO, está de suerte, porque INMOBILIARIA KRONOX gestiona la venta  en EXCLUSIVA de este ACOGEDOR y LUMINOSO apartamento de 52m2
Distribuidos en hall, 1 dormitorio con armario empotrado, 1 baño completo, salón-comedor con mirador permitiendo que entre la luz natural al mismo y ad
",villa-de-vallecas
189.000,Estudio en Calle de Peña Ambote Casco Histórico de Vallecas,Bajo,50,,/inmueble/108764363/,"
Inmobiliaria KRONOX se complace en poner en venta en EXCLUSIVA esta estupenda vivienda a estrenar.
El inmueble tipo Loft, con posibilidad de 2 dormitorios, con cocina americana con muebles altos y bajos y baño con plato de ducha.
Reforma integral a estrenar, paredes lisas, suelo de gres, ventanas de PVC en blanco y
",villa-de-vallecas
130.000,Piso en Santa Eugenia Madrid,110,3,Planta 6ª exterior con ascensor,/inmueble/107626908/,"
OJO SOLO INVERSORES: VENTA DE NUDA (PROPIEDAD EN LA MEJOR ZONA DE SANTA EUGENIA. (BUENA ZONA, PARQUES, TRANSPORTE.. . ETC)
Se vende la nuda propiedad de una vivienda unifamiliar tasada colegiadamente en 347.000 euros (con Garaje Incluido) a cambio de Una de las siguientes opciones:
Una Entrada de 80.000 € y un pago d
",villa-de-vallecas
355.000,Piso en Calle de Fuentespina Santa Eugenia,98,3,Planta 9ª exterior con ascensor,/inmueble/108979259/,"
¡Oportunidad única en Redpiso Santa Eugenia! ¡GESTIONAMOS HIPOTECA + REFORMA!
Este luminoso y espacioso piso de 98 m² en la 9ª planta se encuentra en una ubicación privilegiada dentro de un barrio tranquilo y residencial. Con 3 habitaciones y 2 baños, amplio salón comedor y una estupenda terraza donde podrás disfrutar
",villa-de-vallecas
285.000,Piso en Calle de Entrepeñas Ensanche de Vallecas - La Gavia,60,1,Planta 1ª interior con ascensor,/inmueble/109126441/,"
VIDEO DISPONIBLE! Precioso piso en edificio de nueva construcción junto al metro y el centro comercial La Gavia. Urbanización cerrada con jardín, piscina, padel, zona de juegos para niños, sauna y gimnasio. Portero incluso fines de semana. Incluye plaza de garaje y trastero.
Se distribuye: hall de entrada, salón comedo
",villa-de-vallecas
785.000,Chalet adosado en Ensanche de Vallecas - La Gavia Madrid,235,4,,/inmueble/108390435/,"
Este exclusivo chalet adosado presentado por HOUX combina un diseño elegante con calidades premium en cada uno de sus detalles. Ubicado dentro de una urbanización privada con vigilancia 24 horas, ofrece un entorno seguro, tranquilo y rodeado de zonas verdes, ideal para familias que buscan confort y privacidad.
La vivi
",villa-de-vallecas
205.000,Piso en Calle del Puerto del Bruch Casco Histórico de Vallecas,65,3,Planta 3ª exterior sin ascensor,/inmueble/109101512/,"
Oca Servicios Inmobiliarios ofrece en venta este estupendo piso totalmente reformado, para estrenar, en la calle Puerto del Bruch, situado en una tercera planta que ofrece una luminosidad excepcional gracias a su orientación sureste. Con 60 m² construidos y 58 m² útiles, este hogar cuenta con tres dormitorios ideales p
",villa-de-vallecas
410.000,Piso en Calle de Entrepeñas 5,103,2,Planta 1ª exterior con ascensor,/inmueble/109046185/,"
 Se ruega abstenerse agencias inmobiliarias y fondos de inversión. Venta exclusiva a particulares.
 Piso acogedor en zona tranquila con excelentes servicios y comunicaciones
Descubre este encantador piso de 2 habitaciones y 2 baños, ideal para quienes buscan comodidad y calidad de vida. La vivienda cuenta con calef
",villa-de-vallecas
220.000,Piso en Calle de Puentelarra Santa Eugenia,68,2, interior sin ascensor,/inmueble/108904031/,"
Inmobiliaria Kronox vende esta vivienda ubicada en uno de los mejores Barrios de Madrid “Santa Eugenia”.
Se trata de un inmueble que cuenta con una superficie de 61 metros, accedemos a la vivienda y nos encontramos un salón amplio con cocina americana, seguimos recorriendo el inmueble y entramos a las habitaciones lu
",villa-de-vallecas
420.000,Piso en Calle Fresno de Cantespino 30,86,2,Planta 4ª exterior con ascensor,/inmueble/99212877/,"
Calefacción y agua caliente por caldera central de biomasa con contadores individuales.
Ventilación forzada con intercambio de calor instalada de obra.
Domotización: iluminación, calefacción, ventilación, alarma de humos, consumo eléctrico, fugas de agua.
Amplio trastero.
Finca flanqueada por calle residencial y calle
",villa-de-vallecas
260.000,Ático en Calle Real de Arganda 1,52,1,Planta 4ª exterior con ascensor,/inmueble/108484455/,"
¡Oportunidad! Venta particular, abstenerse agencias inmobiliarias.
Se vende ático muy luminoso, tranquilo, con excelentes conexiones de transporte y con todo tipo de servicios y comodidades en la puerta.
Ubicado en la cuarta y última planta de un edificio moderno con ascensor y 2 vecinos por planta construido en el año
",villa-de-vallecas
320.000,Piso en Santa Eugenia s/n,95,3,Planta 4ª exterior con ascensor,/inmueble/108307056/,"
PISO + PLAZA GARAJE incluida en precio
Orientación Sur-Este en Fuentespina, Santa Eugenia.
Consta de:
*3 dormitorios con armarios empotrados
*Puerta blindada
*Salón-comedor con aire acondicionado
*Terraza cubierta con armario a medida
*Cocina independiente, calefacción gas natural
*1 baño completo con ventana a pat
",villa-de-vallecas
550.000,Ático en Avenida de la Gran Vía del Sureste Ensanche de Vallecas - La Gavia,98,3,Planta 8ª exterior con ascensor,/inmueble/109114183/,"
REDPISO ENSANCHE DE VALLECAS - LA GAVIA vende:
Exclusivo ático en el Ensanche de Vallecas, ubicado en Avenida Gran Vía del Sureste, en una de las mejores zonas residenciales de Madrid.
La vivienda cuenta con 85,35 m² útiles (98,24 m² construidos), distribuidos en:
 3 dormitorios con armarios empotrados
 2 baños
",villa-de-vallecas
359.900,Piso en Calle de Fuentespina Santa Eugenia,82,2,Bajo exterior con ascensor,/inmueble/109070250/,"
Maravillosa vivienda en Santa Eugenia con terraza privada de amplias dimensiones! Totalmente reformada con calidades de primera. Ubicada en una de las zonas más cotizadas de Santa Eugenia, ideal para entrar a vivir. Cuenta con 2 dormitorios amplios con armarios empotrados, 2 baños completos: uno con plato de ducha y ot
",villa-de-vallecas
269.000,Piso en Calle Puerto De Pozazal Ensanche de Vallecas - La Gavia,77,2,Planta 6ª exterior con ascensor,/inmueble/108697848/,"
Magnífico piso exterior 2 hab/2 baños (uno en suite) | Planta 6 con garaje, piscina, pádel, gimnasio, lavandería y zona infantil de playa
Piso exterior en sexta planta, ubicado en una finca excepcional en Calle Puerto de Pozazal 37, Villa de Vallecas (Madrid). Un hogar ideal para vivir o usar como inversión turística.
",villa-de-vallecas
119.000,Piso en Santa Eugenia Madrid,25,1,Bajo exterior sin ascensor,/inmueble/109197976/,"
SI! CASA INMOBILIARIA - 买房，卖房，找欧乘房产！
DESCRIPCIÓN DE LA PROPIEDAD: Se vende local con uso residencial según catastro, con una superficie construida de 25 m². Distribuido en dormitorio, salón-comedor y baño. Aunque necesita algunas mejoras, su ubicación en planta baja lo hace especialmente atractivo para personas mayore
",villa-de-vallecas
325.000,Piso en Calle de Puentelarra 10,82,3,Planta 2ª exterior con ascensor,/inmueble/108981433/,"
ABSTENERSE INMOBILIARIAS.
Luminoso piso reformado en Santa Eugenia con excelente comunicación – 325.000 €
Descripción:
Descubre este amplio y luminoso piso en una de las zonas más tranquilas y mejor comunicadas de Madrid: Santa Eugenia (Villa de Vallecas).
Con 75 m² construidos, este 2ª planta con ascensor combina c
",villa-de-vallecas
248.000,Piso en Calle de Peña Ambote 1,79,3,Planta 1ª exterior sin ascensor,/inmueble/108556787/,"
Se vende piso de 3 habitaciones, muy luminoso, orientación sur, está situado en la mejor zona de Villa de Vallecas, en el fantástico Paseo Federico García Lorca.
Muy bien comunicado con varias líneas de autobús, con el metro de Villa de Vallecas y con la Renfe de Sierra de Guadalupe.
Con todo al alcance, muy cerca de s
",villa-de-vallecas
330.000,Piso en Ensanche de Vallecas - La Gavia Madrid,111,2,Planta 3ª exterior con ascensor,/inmueble/109096564/,"
GARANTY HOME vende refugio de luz y tranquilidad en Vallecas • 111 m² construidos • 2 habs • 1 baño
**Reportaje fotográfico en curso**
Descubre tu nuevo hogar en el Ensanche de Vallecas: un piso de 2008, prácticamente nuevo, con diseño actual y listo para entrar a vivir. Dos habitaciones espaciosas y un baño funciona
",villa-de-vallecas
350.000,Piso en Calle Monte Montjuich 5,149,4,Planta 1ª exterior sin ascensor,/inmueble/109131205/,"
Características principales
•Ubicación: distrito Villa de Vallecas, Madrid. CP 28031
•Tipo: Piso en 1. ª planta (sin ascensor mencionado)
•Superficie construida: 149 m²
•Patio de uso exclusivo: entre 80 y 100 m² — un gran valor añadido para ampliación de espacios y vida al aire libre.
•Distribución: 4 dormitorios y 2
",villa-de-vallecas
285.000,Piso en Calle Sierra del Brezo 17,65,2,Entreplanta exterior con ascensor,/inmueble/109078858/,"
ABSTENERSE INMOBILIARIAS!
A PARTIR DEL 15 DE SEPTIEMBRE DE 2025, SE PUEDEN REALIZAR VISITAS.
Espacioso piso con mucha luminosidad y amplitud.
La casa cuenta con una amplia terraza con un trastero, cocina americana, 2 habitaciones con armarios empotrados, 1 baño con bañera y otro con plato de ducha.
El piso cuenta con
",villa-de-vallecas
335.000,Piso en Casco Histórico de Vallecas Madrid,80,3,Planta 1ª exterior con ascensor,/inmueble/108975984/,"
¡Piso a estrenar completamente reformado de 3 habitaciones con ascensor y plaza de garaje!
Descubre este espectacular piso totalmente reformado a estrenar, con acabados de alta calidad y una distribución moderna y funcional. Situado en una finca con ascensor, este inmueble es ideal tanto para familias como para quiene
",villa-de-vallecas
280.000,Piso en Calle de Sierra Gorda 3,108,1,Bajo exterior con ascensor,/inmueble/109204224/,"
Piso de un dormitorio espacioso y con mucha luz en la mejor ubicación del casco histórico de Vallecas e inmejorable comunicación con tren metro y vías principales. , consta de trastero y plaza de garaje subterráneo.
",villa-de-vallecas
249.000,Piso en Calle Manuel Vélez Casco Histórico de Vallecas,86,3,Planta 1ª exterior sin ascensor,/inmueble/107381245/,"
move! Servicios inmobiliarios vende vivienda totalmente exterior en el propio centro Villa de Vallecas. Se trata de una primera planta sin ascensor, con gran iluminación distribuida en tres amplios dormitorios, salón, cocina independiente y cuarto de baño. Vivienda para reformar con múltiples posibilidades, poco gastos
",villa-de-vallecas
216.000,Piso en Calle de Puentelarra Santa Eugenia,67,3,Planta 1ª interior con ascensor,/inmueble/109179839/,"
VIVIENDA POTENCIAL PARA INVERSORES!
¡Esta es tu oportunidad! Ponemos a la venta una vivienda con inquilino solvente y contrato en vigor, lo que te garantiza una rentabilidad e ingresos pasivos desde el momento de la adquisición. La vivienda se encuentra en perfecto estado y cuenta con un amplio salón, cocina equipada
",villa-de-vallecas
500.000,Dúplex en Puentelarra 58,126,3,Planta 4ª exterior con ascensor,/inmueble/108757589/,"
Se vende luminoso ático dúplex reformado en 2019 (electricidad incluida. sólo haría falta reformar dos armarios, puertas y el suelo de habitaciones y pasillos). Ventanas Kömmerling con cristal acústico. Puerta de entrada acorazada y tarima finsa AC5.
Amplio salón, amplia cocina independiente con tendedero, 3 habitacio
",villa-de-vallecas
220.000,Piso en Calle del Puerto de Alazores 17,78,3,Planta 1ª exterior sin ascensor,/inmueble/108856482/,"
Vivienda con orientación sur-norte, primera planta, sin ascensor. Situada a 300 metros de la plaza de Villa de Vallecas (Metro y autobuses), también a 300 mtrs. del intercambiador de Sierra de Guadalupe (Metro, Renfe y autobuses). A 100 mtrs del emblemático mercado de la Villa de Vallecas con gimnasio y múltiples comer
",villa-de-vallecas
229.900,Piso en Casco Histórico de Vallecas Madrid,50,2,Planta 1ª exterior sin ascensor,/inmueble/108552053/,"
DIRECTAMENTE LOS PROPIETARIOS, SIN COMISIÓN ADICIONAL.
Reformado integralmente con altas calidades(con cambio integro de fontanería y electricidad), listo para entrar a vivir. Cocina de estreno totalmente amueblada, baño doble de diseño, muy amplio. Dos habitaciones y, un gran salón.
Vivienda muy luminosa y tranquila,
",villa-de-vallecas
390.000,Ático en Avenida de la Gavia 11,64,2,Planta 5ª exterior con ascensor,/inmueble/108998970/,"
Ático con terraza, garaje y piscina en Ensanche de Vallecas
Descubre este exclusivo ático de 64 m² ubicado en el Ensanche de Vallecas (Madrid), una zona moderna y bien comunicada. La vivienda, construida en 2008 y en excelente estado, ofrece una distribución funcional y luminosa: salón-comedor con cocina americana, do
",villa-de-vallecas
470.000,Casa o chalet independiente en Casco Histórico de Vallecas Madrid,176,3,,/inmueble/108780347/,"
REDPISO VILLA DE VALLECAS Les presenta esta exclusiva Casa Independiente.
Completamente reformada, con excelentes calidades. Situada en una 1º planta independiente, inundada de luz natural. Con el lujo del Jacuzzi/hidromasaje como protagonista.
Esta vivienda ofrece una distribución perfecta que combina comodidad y
",villa-de-vallecas
110.000,Piso en Calle del Puerto de Alazores Casco Histórico de Vallecas,55,2, sin ascensor,/inmueble/109033261/,"
Piso de 55 m² ubicado en Vallecas, Madrid. Se trata de un piso de 55 m² distribuido en salón-comedor, cocina, dormitorios y baño. Este inmueble se sitúa en el distrito de Vallecas, una zona residencial consolidada con buenos accesos por la calle Puerto de Alazores y vías principales cercanas como la Avenida de la Albuf
",villa-de-vallecas
1.090.000,Chalet adosado en Ensanche de Vallecas - La Gavia Madrid,331,5,,/inmueble/108766521/,"
Fantástico chalé en la mejor zona del Ensanche de Vallecas. Junto a la Ciudad Deportiva del Rayo Vallecano encontramos esta magnífica vivienda que se compone de cuatro plantas.
De abajo a arriba, empezamos por el garaje, donde pueden caber hasta 3 vehículos y que alberga también zonas de almacenamiento, acceso a la zon
",villa-de-vallecas
250.000,Piso en Casco Histórico de Vallecas Madrid,79,3,Planta 2ª exterior sin ascensor,/inmueble/108970680/,"
DP2020 vende atractivo piso ubicado en el Casco Histórico de Vallecas. Situada en la segunda planta de un edificio residencial sin ascensor.
La vivienda dispone de superficie construida de 79 m², esta propiedad ofrece amplias posibilidades gracias a su disposición exterior que inunda los espacios de luz natural. El in
",villa-de-vallecas
349.500,Piso en Paseo de Federico García Lorca Casco Histórico de Vallecas,106,4,Planta 1ª exterior con ascensor,/inmueble/108592616/,"
¡Descubre tu nuevo hogar en el corazón de la ciudad! Este espectacular piso en venta cuenta con una superficie de 106 m² que se distribuyen en cuatro amplias habitaciones, perfectas para disfrutar de la comodidad y el espacio que siempre has deseado. Con dos baños modernos, cada rincón de este hogar ha sido diseñado pa
",villa-de-vallecas
465.000,Casa o chalet independiente en Calle Sierra Engarcerán 11 e,156,5,,/inmueble/109147008/,"
¡Oportunidad Única! Chalet unifamiliar con su escritura legal (se puede ver como Terreno Urbano Independiente para construir) en el Corazón de Villa de Vallecas, con un enorme potencial en una de las zonas más cotizadas de Madrid, el Casco Histórico de Villa de Vallecas. Este terreno es completamente independiente y es
",villa-de-vallecas
130.000,Piso en Casco Histórico de Vallecas Madrid,39,1,Planta 2ª exterior sin ascensor,/inmueble/108983433/,"
Inmueble alquilado y sin acceso al interior. IDEAL PARA INVERSORES
DP2020 vende piso en la segunda planta de un edifico residencial, muy bien distribuido y con distintas dependencias.
Esta propiedad se encuentra alquilada. No se puede visitar. No apta para compradores que requieran financiación hipotecaria. El compra
",villa-de-vallecas
240.000,Piso en Calle del Puerto del Bruch 25,60,3,Planta 4ª exterior sin ascensor,/inmueble/108942242/,"
 Piso luminoso con 3 habitaciones y 2 balcones – Calle Puerto del Bruch, 25 (Madrid)
 Ideal para familias o inversión
Piso en la cuarta planta, sin ascensor, con vistas a un parque con zonas verdes, con una superficie útil de 53,69 m².
Dispone de:
 3 habitaciones
 2 balcones
 Mucha luz natural
 Buena distribuci
",villa-de-vallecas
500.000,Piso en Avenida del Ensanche de Vallecas 76,154,3,Planta 7ª exterior con ascensor,/inmueble/108948228/,"
Amplio y luminoso piso en urbanización privada – Ensanche de Vallecas
ABSTENERSE AGENCIAS!
Fantástica vivienda ubicada en una de las zonas con mayor proyección y calidad de vida de Ensanche de Vallecas, en una moderna urbanización privada.
La vivienda se sitúa en una planta 7ª con ascensor, lo que le otorga una exce
",villa-de-vallecas
157.000,Piso en Casco Histórico de Vallecas Madrid,54,2,Planta 3ª interior sin ascensor,/inmueble/109095786/,"
Te presentamos esta vivienda situada en una tranquila finca, ideal para quienes buscan comodidad y buena ubicación a un precio accesible. El piso se encuentra reformado en una tercera planta sin ascensor, lo que garantiza mayor privacidad y tranquilidad.
La propiedad cuenta con dos dormitorios bien distribuidos, perfec
",villa-de-vallecas
319.000,Piso en Casco Histórico de Vallecas Madrid,114,3,Planta 3ª exterior con ascensor,/inmueble/109093654/,"
Amplio y Luminoso hogar
Este encantador piso ofrece un espacio ideal para la vida familiar o para aquellos que buscan amplitud y confort. Con una distribución inteligente, la vivienda cuenta con tres dormitorios bien proporcionados y dos baños completos, garantizando privacidad y comodidad para todos sus ocupantes.
Al
",villa-de-vallecas
275.000,Piso en Calle Cerro del Murmullo 13,58,1,Planta 2ª exterior con ascensor,/inmueble/108480831/,"
SOLO PARA PARTICULARES (abstenerse agencias)
Vendo Loft luminoso y totalmente reformado.
Ensanche de Vallecas- La Gavia. Dos habitaciones en dos niveles. Dos amplias terrazas privadas y con vistas. 58 metros cuadrados. En urbanización con piscina, garaje, gimnasio y sala de eventos. Ascensor. Adaptado para personas dis
",villa-de-vallecas
338.500,Piso en Santa Eugenia Madrid,90,3,Planta 5ª exterior con ascensor,/inmueble/108682382/,"
Magnífica vivienda en Santa Eugenia con terraza, garaje y vistas despejadas
(Pendiente reportaje fotográfico)
Se vende estupenda vivienda de 3 dormitorios y 2 baños, situada en una de las zonas más tranquilas y residenciales del barrio de Santa Eugenia. La propiedad cuenta con una amplia terraza, ideal para disfrutar d
",villa-de-vallecas
325.000,Piso en Casco Histórico de Vallecas Madrid,90,3,Planta 3ª exterior con ascensor,/inmueble/108965169/,"
Luminoso y espacioso piso con 3 dormitorios
Vivienda ideal para familias o quienes buscan amplitud y confort. Dispone de 3 habitaciones luminosas, 2 baños completos, salón-comedor amplio con gran entrada de luz natural y cocina independiente y funcional.
Espacios bien distribuidos, estancias cómodas y la ventaja de con
",villa-de-vallecas
280.000,Piso en Avenida Gran Via del sureste 37,67,1,Planta 1ª exterior con ascensor,/inmueble/108908357/,"
Situada en el ensanche de Vallecas a 150 metros del metro (Valdecarros). Vivienda de 66,3 m2. salón con mirador, 1 habitación, baño completo, cocina amueblada + tendedero. Dispone de una amplia plaza de garaje + trastero y piscina, zonas comunes con zona de juegos para niños. Situada a 5 minutos del centro comercial La
",villa-de-vallecas
313.460,Piso en Calle Sierra de Arla 5,81,2,Planta 2ª exterior con ascensor,/inmueble/108507727/,"
La vivienda cuenta con una instalación de aerotermia independiente con 3 termostatos
con suelo radiante refrescante como sistema de climatización interior.
Además, este sistema de aerotermia produce el agua caliente sanitaria de la vivienda
produciendo un ahorro energético considerable y reduciendo los costes de
cli
",villa-de-vallecas
275.000,Piso en Calle de Fuentespina Santa Eugenia,89,2,Planta 2ª exterior con ascensor,/inmueble/109108022/,"
PISO VENTA 2 DORMITORIOS (ANTES 3) EN SANTA EUGENIA.
Nuevo Hogar vende esta espléndida propiedad en uno de los barrios residenciales más bellos y cotizados de Vallecas: Santa Eugenia, concretamente en la calle Fuentespina.
La vivienda se ubica en una segunda altura con ascensor y portero físico, en una finca que data d
",villa-de-vallecas
425.000,Dúplex en Calle de Sierra Gádor Casco Histórico de Vallecas,130,4,Planta 1ª exterior sin ascensor,/inmueble/108034038/,"
Vendemos esta fantástico Dúplex de cuatro dormitorios dos baños y un aseo en el patio en el madrileño distrito de Villa Vallecas, en la Calle de Sierra Gádor.
La vivienda se sitúa en una 1 planta en una finca del año 1996, sin derramas aprobadas o en curso y con la ITE Favorable hasta el 2027.
Si hablamos de las carac
",villa-de-vallecas
363.000,Piso en Ensanche de Vallecas - La Gavia Madrid,114,2,Planta 3ª exterior con ascensor,/inmueble/109236173/,"
""VIVIENDA ALQUILADA, IDEAL PARA INVERSORES
Excelente piso de 2 dormitorios y 2 baños. Se encuentra en la planta 3 de un edificio residencial y cuenta con ascensor, garaje, piscina, trastero y armarios empotrados.
La vivienda se distribuye en 2 dormitorios, salón-comedor, cocina independiente, equipada con muebles a
",villa-de-vallecas
248.000,Dúplex en Casco Histórico de Vallecas Madrid,82,1,Planta 2ª exterior con ascensor,/inmueble/109236162/,"
""VIVIENDA ALQUILADA, IDEAL PARA INVERSORES
Excelente dúplex de 1 dormitorio y 2 baños. Se encuentra en la planta 2 de un edificio residencial y cuenta con ascensor, terraza, garaje y trastero.
La vivienda se distribuye en 1 dormitorio, salón-comedor, cocina independiente, equipada con muebles altos y bajos, vitroce
",villa-de-vallecas
387.000,Piso en Alameda del Valle Ensanche de Vallecas - La Gavia,113,2,Entreplanta exterior con ascensor,/inmueble/109254861/,"
¡Descubre tu nuevo hogar en el Ensanche de Vallecas- La Gavia! - TERRAZA DE 30 M² -.
Este espectacular piso semi nuevo, construido en 2006, ofrece una combinación perfecta de comodidad y estilo. Con una superficie construida de 73 m², cuenta con un luminoso salón comedor que se abre a una amplia terraza de 30 m², idea
",villa-de-vallecas
495.000,Dúplex en Calle Canencia de la Sierra Ensanche de Vallecas - La Gavia,168,3,Planta 1ª exterior con ascensor,/inmueble/109255500/,"
**Dúplex con TRES plazas de Garaje y trastero en La Gavia, Ensanche de Vallecas**
Descubre este espectacular dúplex de diseño moderno en una de las zonas más cotizadas de Madrid, La Gavia. Con una superficie construida de 168 m², útiles 105m².
Esta vivienda esta dividida en dos amplias superficies.
PRIMERA PLANTA.:
",villa-de-vallecas
244.000,Piso en Calle de Sierra Gádor Casco Histórico de Vallecas,66,3,Planta 2ª exterior con ascensor,/inmueble/109249374/,"
Piso en Calle Sierra de Gádor, en el barrio de Villa de Vallecas, en el distrito Vallecas, cuenta con una superficie de 66m2, en zona exterior, en un segundo piso con escalera, balcón, terraza y patio. Se distribuye en vestíbulo, 3 dormitorios, comedor, cocina y aseo. Tiene además de la terraza varias ventanas y otro b
",villa-de-vallecas
481.000,Ático en Avenida de la Democracia 26,85,2, exterior con ascensor,/inmueble/109174188/,"
Viviendas de 2 y 3 dormitorios que destacan por su diseño moderno y sostenible. Bajos con jardín y áticos.
Con 2 plazas de garaje y trastero incluido en el precio.
Las zonas exteriores están pavimentadas y ajardinadas con especies arbóreas y arbustivas autóctonas y de bajo consumo hídrico.
La zona infantil-recreativ
",villa-de-vallecas
249.000,Piso en Calle la Revoltosa Casco Histórico de Vallecas,72,2,Bajo exterior sin ascensor,/inmueble/109240439/,"
Nueva Lega Servicios Inmobiliarios les ofrece este ocasión, piso reformado listo para entrar a vivir o una buena oportunidad de inversión para alquilarlo.
Se encuentra en la planta baja, perfecto estado, actualmente como dos apartamentos independientes, cuenta con 72m2 de superficie construida. Suelo de tarima flot
",villa-de-vallecas
527.000,Piso en Avenida de la Democracia 26,131,3, exterior con ascensor,/inmueble/109174214/,"
Viviendas de 2 y 3 dormitorios que destacan por su diseño moderno y sostenible. Bajos con jardín y áticos.
Con 2 plazas de garaje y trastero incluido en el precio.
Las zonas exteriores están pavimentadas y ajardinadas con especies arbóreas y arbustivas autóctonas y de bajo consumo hídrico.
La zona infantil-recreativ
",villa-de-vallecas
280.000,Piso en Calle del Puerto del Idiazábal Casco Histórico de Vallecas,116,4,Planta 2ª exterior sin ascensor,/inmueble/109256008/,"
Inmobiliaria Tecnocasa Villa de Vallecas, Madrid, Vallecas vende. EXCLUSIVO piso DE 110 M2 ÚTILES REFORMADO HACE 5 AÑOS. EXCLUSIVO PISO DE LOS MAS GRANDES DE LA ZONA
Se compone de 4 dormitorios, salón independiente con una pequeña terraza, amplia cocina, 2 baños siendo uno de ello en suite. Aire acondicionado en salón
",villa-de-vallecas
439.000,Piso en Avenida de la Gran Vía del Sureste Ensanche de Vallecas - La Gavia,90,2,Bajo interior con ascensor,/inmueble/109254919/,"
SM Homes Gestión Inmobiliaria ""El Cañaveral"" ofrece en exclusiva magnífica vivienda en Valdecarros, viva con todas las comodidades en este fantástico bajo con patio exterior privado situado en Valdecarros, a solo 5 minutos andando del metro. La vivienda se encuentra en una urbanización privada con piscina de adultos e
",villa-de-vallecas
581.000,Piso en Calle la Escuela de Vallecas 58,133,3,Planta 7ª exterior con ascensor,/inmueble/108575484/,"
Viviendas de 2 y 3 dormitorios en urbanización ajardinada con piscina, zonas de juegos infantiles, sala fitness y espacio reservado para bicicletas. Trastero y plazas de garaje.
En el nuevo barrio del Ensanche de Vallecas al sureste de la ciudad. La zona tendrá más de 7 millones de m² de zonas verdes, que formarán par
",villa-de-vallecas
405.000,Piso en Calle la Escuela de Vallecas 58,88,2,Planta 1ª exterior con ascensor,/inmueble/107996150/,"
Viviendas de 2 y 3 dormitorios en urbanización ajardinada con piscina, zonas de juegos infantiles, sala fitness y espacio reservado para bicicletas. Trastero y plazas de garaje.
En el nuevo barrio del Ensanche de Vallecas al sureste de la ciudad. La zona tendrá más de 7 millones de m² de zonas verdes, que formarán par
",villa-de-vallecas
377.000,Piso en Calle la Escuela de Vallecas 58,84,2,Planta 6ª exterior con ascensor,/inmueble/108438026/,"
Viviendas de 2 y 3 dormitorios en urbanización ajardinada con piscina, zonas de juegos infantiles, sala fitness y espacio reservado para bicicletas. Trastero y plazas de garaje.
En el nuevo barrio del Ensanche de Vallecas al sureste de la ciudad. La zona tendrá más de 7 millones de m² de zonas verdes, que formarán par
",villa-de-vallecas
358.000,Piso en Calle la Escuela de Vallecas 58,83,2,Planta 1ª exterior con ascensor,/inmueble/105925286/,"
Viviendas de 2 y 3 dormitorios en urbanización ajardinada con piscina, zonas de juegos infantiles, sala fitness y espacio reservado para bicicletas. Trastero y plazas de garaje.
En el nuevo barrio del Ensanche de Vallecas al sureste de la ciudad. La zona tendrá más de 7 millones de m² de zonas verdes, que formarán par
",villa-de-vallecas
528.000,Piso en Avenida de la Democracia 26,106,3,Bajo exterior con ascensor,/inmueble/108775205/,"
Bajo con jardín 105,7 m² + 79,9 m² de jardín
Viviendas de 2 y 3 dormitorios que destacan por su diseño moderno y sostenible. Bajos con jardín y áticos.
Con 2 plazas de garaje incluidas en el precio.
Las zonas exteriores están pavimentadas y ajardinadas con especies arbóreas y arbustivas autóctonas y de bajo consumo
",villa-de-vallecas
614.000,Piso en Calle la Escuela de Vallecas 58,158,3,Planta 5ª exterior con ascensor,/inmueble/107996103/,"
Terraza de 36,55 m2, con 2 plazas de garaje y trastero.
Viviendas de 2 y 3 dormitorios en urbanización ajardinada con piscina, zonas de juegos infantiles, sala fitness y espacio reservado para bicicletas. Trastero y plazas de garaje.
En el nuevo barrio del Ensanche de Vallecas al sureste de la ciudad. La zona tendrá
",villa-de-vallecas
431.000,Piso en Avenida de la Democracia 26,84,2,Bajo exterior con ascensor,/inmueble/108525366/,"
Viviendas de 2 y 3 dormitorios que destacan por su diseño moderno y sostenible. Bajos con jardín y áticos.
Con 2 plazas de garaje y trastero incluido en el precio.
Las zonas exteriores están pavimentadas y ajardinadas con especies arbóreas y arbustivas autóctonas y de bajo consumo hídrico.
La zona infantil-recreativ
",villa-de-vallecas
345.000,Piso en Avenida de la Democracia 26,73,2,Planta 1ª exterior con ascensor,/inmueble/108291613/,"
Viviendas de 2 y 3 dormitorios que destacan por su diseño moderno y sostenible. Bajos con jardín y áticos.
Con plaza de garaje y trastero incluido en el precio.
Las zonas exteriores están pavimentadas y ajardinadas con especies arbóreas y arbustivas autóctonas y de bajo consumo hídrico.
La zona infantil-recreativa c
",villa-de-vallecas
403.000,Piso en Calle la Escuela de Vallecas 58,89,2,Planta 1ª exterior con ascensor,/inmueble/108980342/,"
Viviendas de 2 y 3 dormitorios en urbanización ajardinada con piscina, zonas de juegos infantiles, sala fitness y espacio reservado para bicicletas. Trastero y plazas de garaje.
En el nuevo barrio del Ensanche de Vallecas al sureste de la ciudad. La zona tendrá más de 7 millones de m² de zonas verdes, que formarán par
",villa-de-vallecas
405.000,Piso en Calle la Escuela de Vallecas 58,88,2,Planta 1ª exterior con ascensor,/inmueble/107996150/,"
Viviendas de 2 y 3 dormitorios en urbanización ajardinada con piscina, zonas de juegos infantiles, sala fitness y espacio reservado para bicicletas. Trastero y plazas de garaje.
En el nuevo barrio del Ensanche de Vallecas al sureste de la ciudad. La zona tendrá más de 7 millones de m² de zonas verdes, que formarán par
",villa-de-vallecas
374.000,Piso en Avenida de la Democracia 26,92,2, exterior con ascensor,/inmueble/108801180/,"
Viviendas de 2 y 3 dormitorios que destacan por su diseño moderno y sostenible. Bajos con jardín y áticos.
Con plaza de garaje y trastero incluido en el precio.
Las zonas exteriores están pavimentadas y ajardinadas con especies arbóreas y arbustivas autóctonas y de bajo consumo hídrico.
La zona infantil-recreativa c
",villa-de-vallecas
461.000,Piso en Avenida de la Democracia 26,124,3, exterior con ascensor,/inmueble/108913566/,"
Viviendas de 2 y 3 dormitorios que destacan por su diseño moderno y sostenible. Bajos con jardín y áticos.
Con 2 plazas de garaje y trastero incluido en el precio.
Las zonas exteriores están pavimentadas y ajardinadas con especies arbóreas y arbustivas autóctonas y de bajo consumo hídrico.
La zona infantil-recreativ
",villa-de-vallecas
481.000,Piso en Avenida de la Democracia 26,117,3, exterior con ascensor,/inmueble/108772511/,"
Viviendas de 2 y 3 dormitorios que destacan por su diseño moderno y sostenible. Bajos con jardín y áticos.
Con 2 plazas de garaje y trastero incluido en el precio.
Las zonas exteriores están pavimentadas y ajardinadas con especies arbóreas y arbustivas autóctonas y de bajo consumo hídrico.
La zona infantil-recreativ
",villa-de-vallecas
380.000,Piso en Avenida de la Democracia 26,89,2, exterior con ascensor,/inmueble/108801299/,"
Viviendas de 2 y 3 dormitorios que destacan por su diseño moderno y sostenible. Bajos con jardín y áticos.
Con plaza de garaje y trastero incluido en el precio.
Las zonas exteriores están pavimentadas y ajardinadas con especies arbóreas y arbustivas autóctonas y de bajo consumo hídrico.
La zona infantil-recreativa c
",villa-de-vallecas
356.000,Piso en Avenida de la Democracia 26,80,2, exterior con ascensor,/inmueble/108801177/,"
Viviendas de 2 y 3 dormitorios que destacan por su diseño moderno y sostenible. Bajos con jardín y áticos.
Con plaza de garaje y trastero incluido en el precio.
Las zonas exteriores están pavimentadas y ajardinadas con especies arbóreas y arbustivas autóctonas y de bajo consumo hídrico.
La zona infantil-recreativa c
",villa-de-vallecas
387.000,Piso en Alameda del Valle Ensanche de Vallecas - La Gavia,113,2,Bajo exterior con ascensor,/inmueble/109235316/,"
¡Oportunidad única en el Ensanche de Vallecas!
Además, te gestionamos la intermediación hipotecaria sin coste.
Este luminoso piso, con un gran patio y altura de entreplanta, se encuentra en una urbanización privada que ofrece todo lo que necesitas para disfrutar de una vida cómoda y tranquila: portero físico, zonas v
",villa-de-vallecas
284.000,Piso en Bulevar de la Naturaleza Ensanche de Vallecas - La Gavia,98,2,Bajo exterior con ascensor,/inmueble/109245169/,"
Inmobiliaria VOhome La Gavia pone a la venta fantástico piso en zona Bulevar de la Naturaleza en Ensanche de Vallecas.
Te presentamos esta fantástica vivienda situada en pleno Bulevar de la Naturaleza, un entorno tranquilo y moderno, con amplias avenidas, zonas verdes, colegios, centros deportivos y todo tipo de servi
",villa-de-vallecas
342.000,Piso en de la Democracia 28,126,1,Planta 1ª exterior con ascensor,/inmueble/108117951/,"
NUEVA PROMOCIÓN DE OBRA NUEVA: LandCo Vallecas, Madrid: desde 290.000€
Ahora sabes lo que es ‘vivir mejor’ en LandCo Vallecas, una exclusiva promoción de viviendas de obra nueva en un entorno privilegiado.
Descubre nuestras luminosas viviendas de 1 y 2 dormitorios, diseñadas para ofrecerte confort y bienestar, donde
",villa-de-vallecas
370.000,Piso en de la Democracia 28,119,2,Planta 2ª exterior con ascensor,/inmueble/108117978/,"
NUEVA PROMOCIÓN DE OBRA NUEVA: LandCo Vallecas, Madrid: desde 290.000€
Ahora sabes lo que es ‘vivir mejor’ en LandCo Vallecas, una exclusiva promoción de viviendas de obra nueva en un entorno privilegiado.
Descubre nuestras luminosas viviendas de 1 y 2 dormitorios, diseñadas para ofrecerte confort y bienestar, donde
",villa-de-vallecas
410.000,Piso en de la Democracia 28,119,2,Planta 6ª exterior con ascensor,/inmueble/108117996/,"
NUEVA PROMOCIÓN DE OBRA NUEVA: LandCo Vallecas, Madrid: desde 290.000€
Ahora sabes lo que es ‘vivir mejor’ en LandCo Vallecas, una exclusiva promoción de viviendas de obra nueva en un entorno privilegiado.
Descubre nuestras luminosas viviendas de 1 y 2 dormitorios, diseñadas para ofrecerte confort y bienestar, donde
",villa-de-vallecas
290.000,Piso en de la Democracia 28,67,1,Planta 2ª exterior con ascensor,/inmueble/108117979/,"
NUEVA PROMOCIÓN DE OBRA NUEVA: LandCo Vallecas, Madrid: desde 290.000€
Ahora sabes lo que es ‘vivir mejor’ en LandCo Vallecas, una exclusiva promoción de viviendas de obra nueva en un entorno privilegiado.
Descubre nuestras luminosas viviendas de 1 y 2 dormitorios, diseñadas para ofrecerte confort y bienestar, donde
",villa-de-vallecas
369.000,Piso en Alameda del Valle 22,85,2,Planta 7ª exterior con ascensor,/inmueble/107249332/,"
Vive en el Ensanche de Vallecas a un precio único.
Viviendas de 2 y 3 dormitorios y 2 baños, en edificio con urbanización privada, con piscina, zona infantil, servicio de conserjería, videovigilancia y ascensor. Además incluye 1 plaza de garaje y trastero.
La vivienda tiene una distribución con estancias independie
",villa-de-vallecas
369.000,Piso en CL Castrillo De Aza Santa Eugenia,90,3,Planta 4ª exterior con ascensor,/inmueble/108745866/,"
Jadein Ferrero vende impecable vivienda reformada con plaza de garaje en Santa Eugenia. Finca con servicio de conserjeria. Piso de 3 dormitorios y 2 baños, todo exterior y baño con luz natural. , gran cocina ampliada con terraza tendedero y muy buenas calidades, armarios empotrados en todos los dormitorios y terraza ce
",villa-de-vallecas
415.000,Piso en Avenida del Ensanche de Vallecas 102 f,98,2,Planta 1ª exterior con ascensor,/inmueble/109235231/,"
Se ruega abstenerse agencias inmobiliarias y fondos de inversión. Venta exclusiva a particulares.
Se vende vivienda de 98 metros construidos, completamente exterior y con doble orientación, ubicada en una urbanización moderna del Ensanche de Vallecas, entre las estaciones de metro la suertes y Valdecarros.
La vivienda,
",villa-de-vallecas
450.000,Piso en Avenida del Cerro Milano 141 -143,84,2,Planta 5ª exterior con ascensor,/inmueble/109235456/,"
Piso reformado con garaje y trastero en Ensanche de Vallecas
Luminoso y elegante piso en la Avenida Cerro Milano, nº 141-143 (Ensanche de Vallecas, Madrid), ubicado en la quinta planta de un edificio moderno con ascensor. Construido en 2007, el edificio mantiene todas sus instalaciones en perfecto estado. El piso ha t
",villa-de-vallecas
160.000,Ático en Calle de Francisco de la Fuente Casco Histórico de Vallecas,52,1,Planta 3ª exterior sin ascensor,/inmueble/107762155/,"
ESTUDIO HOME MADRID OFRECE vivienda de 52 m2 construidos según Catastro, muy luminosa, situada en tercera planta exterior, con doble orientación (suroeste y noreste), sin ascensor, ubicada en el casco histórico de Vallecas, ubicada en calle peatonal.
Según su distribución actual, la vivienda dispone de salón con mirad
",villa-de-vallecas
319.872,Piso en Avenida del Mayorazgo 80,118,2, exterior con ascensor,/inmueble/108681583/,"
¡Tu hogar te está esperando en uno de los nuevos barrios con más proyección de Madrid!
Ubicado en el nuevo desarrollo urbano de Valdecarros (Madrid), dotado de buenas conexiones por transporte público, en un entorno tranquilo, residencial y bien planificado.
Un edificio de obra nueva con viviendas de 2 y 3 dormitori
",villa-de-vallecas
255.000,Piso en Avenida del Ensanche de Vallecas 85,50,1,Planta 2ª exterior con ascensor,/inmueble/109244653/,"
Se vende APARTAMENTO SEMINUEVO ( 2006) compuesto por salón con cocina americana, 1 dormitorio separado del salón por una puerta corredera, vestidor con 2 armarios empotrados forrados, baño con plato de ducha con mampara, 1 plaza de garaje. La finca dispone de piscina de agua salada en la azotea del edificio, solarium d
",villa-de-vallecas
319.000,Piso en Avenida de la Gran Vía del Sureste Ensanche de Vallecas - La Gavia,75,2,Planta 7ª exterior con ascensor,/inmueble/109237356/,"
Tecnocasa Santa Eugenia VENDE en exclusiva esta excelente vivienda de dos dormitorios, ubicada en una de las zonas más recientes y demandadas del Ensanche de Vallecas. La propiedad ha sido completamente reformada hace apenas cuatro años, utilizando materiales de calidad y cuidando cada detalle para ofrecer un alto nive
",villa-de-vallecas
499.900,Piso en Avenida de la Gran Vía del Sureste Ensanche de Vallecas - La Gavia,149,4,Planta 4ª exterior con ascensor,/inmueble/109246885/,"
Amplio piso de 4 dormitorios con 2 plazas de garaje y trastero en Ensanche de Vallecas
Se vende magnífica vivienda situada en Avenida de la Gran Vía del Sureste, en pleno Ensanche de Vallecas, una de las zonas más demandadas de Madrid por su modernidad, zonas verdes y excelentes comunicaciones.
La vivienda se encuent
",villa-de-vallecas
319.900,Piso en Calle de Zazuar 8,98,3,Planta 9ª exterior con ascensor,/inmueble/109247350/,"
Vivienda exterior en Santa Eugenia con vistas y terrazas
Se presenta en el Barrio de Santa Eugenia esta luminosa vivienda exterior de 98 m² construidos (90 m² útiles), situada en una novena planta de una finca de 1972, completamente lista para entrar a vivir. Su orientación sureste garantiza luz natural durante todo e
",villa-de-vallecas
360.000,Ático en de la Democracia 28,72,1,Planta 7ª exterior con ascensor,/inmueble/108117965/,"
NUEVA PROMOCIÓN DE OBRA NUEVA: LandCo Vallecas, Madrid: desde 290.000€
Ahora sabes lo que es ‘vivir mejor’ en LandCo Vallecas, una exclusiva promoción de viviendas de obra nueva en un entorno privilegiado.
Descubre nuestras luminosas viviendas de 1 y 2 dormitorios, diseñadas para ofrecerte confort y bienestar, donde
",villa-de-vallecas
